Rk,Player,Age,Team,Pos,G,GS,MP,FG,FGA,FG%,3P,3PA,3P%,2P,2PA,2P%,eFG%,FT,FTA,FT%,ORB,DRB,TRB,AST,STL,BLK,TOV,PF,PTS,Awards
1,Giannis Antetokounmpo,30,MIL,PF,26,26,35.1,12.7,21,0.606,0.2,0.7,0.222,12.5,20.3,0.619,0.609,6.8,11.3,0.603,2,9.6,11.7,6,0.8,1.5,3.3,2.5,32.4,
2,Shai Gilgeous-Alexander,26,OKC,PG,34,34,34.4,11,21,0.525,2.1,6,0.356,8.9,15,0.593,0.576,7,7.9,0.885,0.8,4.6,5.4,6.1,2,1.1,2.6,2.1,31.2,
3,Nikola Jokić,29,DEN,C,30,30,36.9,11.8,21.3,0.553,2.3,4.7,0.479,9.5,16.5,0.575,0.607,5.2,6.5,0.805,3.5,9.7,13.2,9.7,1.7,0.6,3.3,2.1,31,
4,LaMelo Ball,23,CHO,PG,22,22,33.7,10.5,24.6,0.425,4.5,13,0.346,6,11.6,0.514,0.517,4.7,5.5,0.844,0.9,4.5,5.3,7.4,1.3,0.2,4.1,3.7,30.1,
5,Paolo Banchero,22,ORL,PF,5,5,36.4,9.6,19.4,0.495,2.2,6.4,0.344,7.4,13,0.569,0.552,7.6,11.8,0.644,2.4,6.4,8.8,5.6,0.6,0.8,2.2,2.6,29,
6,Jayson Tatum,26,BOS,PF,32,32,36.3,9.4,20.2,0.464,3.9,10.7,0.37,5.4,9.6,0.569,0.561,5.5,6.9,0.796,0.6,8.8,9.4,5.6,1.3,0.4,2.8,2.5,28.2,
7,Luka Dončić,25,DAL,PG,22,22,35.7,9.8,21.2,0.464,3.4,9.6,0.354,6.4,11.5,0.555,0.544,5.1,6.6,0.767,0.7,7.6,8.3,7.8,2,0.4,3.4,2.6,28.1,
8,Kevin Durant,36,PHO,PF,22,22,36,9.8,19.1,0.512,2.4,5.9,0.411,7.4,13.2,0.557,0.575,5.8,6.9,0.836,0.5,6,6.5,3.8,0.8,1.3,3.3,1.8,27.7,
9,De'Aaron Fox,27,SAC,PG,35,35,37.3,9.9,20.3,0.486,2,6.3,0.321,7.8,14,0.56,0.536,4.9,6.1,0.808,1.1,3.9,4.9,6.2,1.6,0.3,3.3,2.8,26.7,
10,Victor Wembanyama,21,SAS,C,29,29,32.9,9.3,19.2,0.487,3.3,9.2,0.362,6,10,0.602,0.574,3.9,4.4,0.875,1.9,8.4,10.3,3.9,1,3.9,3.6,2.1,25.9,
11,Anthony Davis,31,LAL,C,32,32,34.8,9.4,18,0.522,0.7,2.2,0.314,8.7,15.8,0.55,0.541,6.4,8.2,0.779,2.6,9.2,11.8,3.6,1.3,2.1,2.3,1.9,25.8,
12,Tyrese Maxey,24,PHI,PG,26,26,37.2,8.8,20.8,0.421,3.2,9.4,0.34,5.6,11.5,0.487,0.497,4.7,5.6,0.842,0.2,3.3,3.5,5.4,2.2,0.5,2.3,2.4,25.5,
13,Jalen Brunson,28,NYK,PG,34,34,35.1,8.6,17.9,0.479,2.4,6.2,0.393,6.1,11.7,0.525,0.548,5.5,6.7,0.821,0.4,2.5,3,7.7,0.8,0.1,2.4,2.2,25.1,
14,Damian Lillard,34,MIL,PG,25,25,36.5,7.6,17.6,0.434,3.4,9.4,0.364,4.2,8.2,0.515,0.532,6.4,6.9,0.919,0.6,3.8,4.5,7.6,1.1,0.2,2.9,1.9,25.1,
15,Devin Booker,28,PHO,SG,27,27,36.3,7.8,18.2,0.429,2.6,7.7,0.341,5.2,10.5,0.493,0.501,6.5,7.2,0.902,1.1,2.5,3.7,6.5,1.1,0.3,2.3,2.1,24.7,
16,Cam Thomas,23,BRK,SG,19,17,32.3,7.9,17.7,0.448,2.8,7.6,0.375,5.1,10.2,0.503,0.528,5.9,6.8,0.876,0.5,3.1,3.6,3.4,0.7,0.1,2.7,1.9,24.7,
17,Karl-Anthony Towns,29,NYK,C,33,33,34.5,8.8,16.2,0.548,2.1,4.8,0.44,6.7,11.3,0.594,0.614,4.9,5.8,0.834,2.9,11.1,14,3.3,0.9,0.9,2.5,3.6,24.7,
18,Anthony Edwards,23,MIN,SG,33,33,36.1,8.7,19.8,0.44,4,9.7,0.409,4.7,10.1,0.47,0.541,3.1,3.8,0.81,0.6,5,5.6,4,1.2,0.6,3,1.9,24.5,
19,Jaylen Brown,28,BOS,SF,28,28,35.4,9,19.4,0.461,2.3,7,0.332,6.6,12.4,0.534,0.521,4.1,5.6,0.734,1.5,4.5,6,4.6,1.4,0.3,2.8,2.4,24.4,
20,Franz Wagner,23,ORL,SF,25,25,33.2,8.8,18.9,0.465,2,6.4,0.321,6.8,12.6,0.538,0.519,4.8,5.4,0.881,0.9,4.7,5.6,5.7,1.7,0.5,2.4,2.3,24.4,
21,Kyrie Irving,32,DAL,SG,30,30,35.6,9,18.3,0.49,3.1,7,0.441,5.9,11.3,0.521,0.575,3.3,3.6,0.899,1,3.5,4.6,4.9,1.2,0.4,2.3,2.2,24.3,
22,Joel Embiid,30,PHI,C,12,12,29.5,7.6,16.9,0.448,1.2,3.8,0.304,6.4,13.1,0.49,0.483,7.8,8.5,0.912,1.8,5.8,7.6,3.7,0.9,1.1,3.2,2.3,24.1,
23,Tyler Herro,25,MIA,SG,32,32,35.3,8.3,17.5,0.478,3.9,9.6,0.41,4.4,7.9,0.56,0.59,3.4,4,0.853,0.3,5.2,5.5,5.1,0.7,0.1,2.5,1.6,24.1,
24,LeBron James,40,LAL,SF,31,31,34.9,9.3,18.3,0.507,2.2,5.7,0.382,7.1,12.6,0.564,0.567,3.4,4.4,0.77,0.9,6.5,7.4,8.9,0.7,0.6,3.8,1.4,24.1,
25,Cade Cunningham,23,DET,PG,30,30,35.6,8.9,19.8,0.447,2.4,6.5,0.371,6.5,13.4,0.484,0.508,3.5,4.4,0.794,1,5.7,6.7,9.5,0.8,0.9,4.4,2.9,23.6,
26,Norman Powell,31,LAC,SG,27,27,33.1,8.1,17,0.48,3.6,8.1,0.441,4.6,8.8,0.517,0.586,3.7,4.4,0.847,0.3,3,3.3,2.4,1.2,0.2,2.2,2.1,23.6,
27,RJ Barrett,24,TOR,SG,27,27,34.1,8.5,18.5,0.459,1.9,5.6,0.344,6.6,12.9,0.509,0.511,4.5,6.2,0.726,0.9,5.9,6.8,6.2,0.7,0.4,3.4,2.5,23.4,
28,Donovan Mitchell,28,CLE,SG,33,33,31.4,8.2,18.1,0.456,3.8,9.3,0.412,4.4,8.8,0.502,0.562,3.1,3.8,0.815,0.5,3.9,4.4,4.7,1.5,0.2,2.1,1.9,23.4,
29,CJ McCollum,33,NOP,PG,22,22,33.6,8.7,18.9,0.459,3.1,8.4,0.368,5.6,10.5,0.532,0.541,2.3,3.2,0.714,0.8,3,3.8,4,1,0.5,1.7,2.4,22.7,
30,Zion Williamson,24,NOP,PF,6,6,31,7.8,17.3,0.452,0.3,1,0.333,7.5,16.3,0.459,0.462,6.7,10,0.667,2.7,5.3,8,5.3,0.7,1.2,3.7,3,22.7,
31,Trae Young,26,ATL,PG,33,33,35.8,6.8,17,0.401,2.9,8.5,0.338,3.9,8.5,0.464,0.486,6.1,7,0.874,0.5,3,3.5,11.9,1.3,0.2,4.4,2,22.6,
32,Stephen Curry,36,GSW,PG,27,27,31.2,7.4,16.7,0.447,4.3,10.4,0.418,3.1,6.3,0.494,0.577,3.1,3.4,0.923,0.5,4.3,4.8,6.5,1.1,0.5,3,1.1,22.3,
33,Jaren Jackson Jr.,25,MEM,C,33,33,28.7,7.9,16.2,0.49,1.9,5.3,0.352,6,10.8,0.557,0.548,4.6,5.8,0.792,1.4,4.8,6.1,1.9,1.4,1.7,2.2,3.3,22.3,
34,Zach LaVine,29,CHI,SF,29,29,33.3,8,15.9,0.503,3.3,7.4,0.444,4.7,8.4,0.555,0.607,3,3.8,0.807,0.2,4.2,4.4,4.3,0.9,0.3,3,1.7,22.3,
35,Brandon Ingram,27,NOP,SF,18,18,33.1,8.6,18.5,0.465,2.4,6.4,0.374,6.2,12.1,0.514,0.53,2.6,3.1,0.855,0.9,4.6,5.6,5.2,0.9,0.6,3.8,2.5,22.2,
36,James Harden,35,LAC,PG,32,32,33.9,6.3,15.9,0.393,2.8,8.2,0.347,3.4,7.7,0.441,0.482,6.6,7.4,0.89,0.6,5.5,6.1,7.8,1.5,0.6,4.8,2,21.9,
37,Jordan Poole,25,WAS,SG,28,28,31.4,7,16.2,0.435,3.6,8.9,0.406,3.4,7.3,0.471,0.546,4.1,4.9,0.847,0.4,2.3,2.7,5,1.6,0.5,3.6,3.4,21.8,
38,Brandon Miller,22,CHO,SF,23,23,34.5,7.4,18.6,0.4,3.9,11,0.352,3.6,7.6,0.471,0.505,2.7,3,0.897,0.9,4.2,5.1,3.7,1.1,0.7,2.8,2.7,21.4,
39,Ja Morant,25,MEM,PG,20,20,27.7,7.1,15.7,0.454,1.6,4.8,0.323,5.6,10.9,0.512,0.503,5.5,6.5,0.838,0.7,3.8,4.4,7.9,1.1,0.4,3.8,1.6,21.2,
40,Jalen Williams,23,OKC,SG,34,34,32.4,8.3,17.2,0.481,1.8,5.1,0.353,6.5,12.1,0.535,0.533,2.6,3.3,0.777,0.9,4.9,5.8,5.1,1.8,0.7,2.2,2.5,20.9,
41,DeMar DeRozan,35,SAC,SF,30,30,35.1,7.7,15.7,0.492,0.7,2.2,0.328,7,13.5,0.519,0.515,4.6,5.4,0.853,0.6,3.3,3.9,3.9,1.4,0.4,1.5,2.1,20.8,
42,Trey Murphy III,24,NOP,SF,22,20,34.4,7,15.7,0.446,3.1,8.5,0.362,3.9,7.1,0.548,0.545,3.5,3.9,0.906,0.9,3.6,4.5,2.7,1.1,0.7,1.7,2.3,20.6,
43,Domantas Sabonis,28,SAC,C,32,32,35.7,8.1,13.7,0.593,1,2.4,0.429,7.1,11.3,0.628,0.63,3.3,4.2,0.785,3.8,9.9,13.7,6.1,0.8,0.4,2.9,3.5,20.5,
44,Scottie Barnes,23,TOR,PF,22,22,34.3,7.7,16.5,0.467,1.6,5.6,0.293,6.1,11,0.556,0.516,3.3,4.5,0.735,1.7,6.6,8.3,6.6,1.4,0.6,3.7,2.2,20.4,
45,Darius Garland,25,CLE,PG,33,33,30,7.3,14.9,0.493,2.9,6.8,0.427,4.4,8.1,0.549,0.591,2.8,3.1,0.911,0.5,2.1,2.6,6.8,1.2,0.2,2.3,2.1,20.4,
46,Nikola Vučević,34,CHI,C,33,33,32.2,8.2,14.7,0.559,2.1,4.8,0.44,6.1,9.9,0.617,0.631,1.8,2.2,0.831,2.2,7.9,10.1,3.3,0.8,0.7,1.6,2.3,20.3,
47,Julius Randle,30,MIN,PF,33,33,33.2,6.9,14.4,0.479,1.8,4.9,0.377,5,9.5,0.532,0.543,4.5,5.5,0.824,1.9,5.1,7,4.5,0.7,0.2,3,2.4,20.2,
48,De'Andre Hunter,27,ATL,SF,24,2,27.8,6.5,13.3,0.484,2.7,6.1,0.438,3.8,7.3,0.523,0.584,4.3,5,0.858,0.7,3.4,4,1.4,0.9,0.1,1.3,2.3,19.9,
49,Jalen Johnson,23,ATL,SF,32,32,36.3,7.9,15.4,0.512,1.4,4.2,0.331,6.5,11.3,0.579,0.557,2.7,3.5,0.752,1.8,8.3,10.1,5.3,1.5,1.1,3,2,19.8,
50,Pascal Siakam,30,IND,PF,35,35,33.7,7.5,14.4,0.522,1.9,4.4,0.439,5.6,10,0.559,0.589,2.8,3.7,0.756,1.7,5.6,7.3,3.4,0.9,0.3,1.3,2.9,19.8,
51,Jalen Green,22,HOU,SG,34,34,32.7,6.9,16.7,0.41,2.5,7.7,0.319,4.4,9,0.489,0.484,3.4,4,0.86,0.5,3.9,4.4,2.5,1,0.3,2.4,1.7,19.6,
52,Jamal Murray,27,DEN,PG,27,27,36.7,7,16.1,0.436,2.1,5.9,0.367,4.9,10.3,0.475,0.502,3.4,4,0.852,0.5,3.6,4.1,6.3,1.5,0.7,2.3,1.7,19.6,
53,Cameron Johnson,28,BRK,PF,32,32,32.6,6.4,12.8,0.496,3.3,7.5,0.436,3.1,5.3,0.582,0.624,3.5,3.9,0.895,0.8,3.5,4.3,3,0.9,0.4,1.7,1.8,19.5,
54,Lauri Markkanen,27,UTA,PF,27,27,32,6.1,14.1,0.429,2.8,7.9,0.358,3.3,6.3,0.518,0.529,4.5,5.1,0.891,1.8,4.6,6.4,1.9,0.8,0.3,1.5,1.6,19.5,
55,Evan Mobley,23,CLE,PF,32,32,30.2,7.3,12.7,0.575,1.2,2.7,0.435,6.2,10.1,0.612,0.62,3.1,4,0.781,2.1,6.7,8.8,2.9,1,1.5,2.1,2.2,18.9,
56,Michael Porter Jr.,26,DEN,SF,33,33,34.3,7.2,13.8,0.524,2.6,6.2,0.422,4.6,7.6,0.608,0.62,1.8,2.5,0.699,1.5,4.9,6.4,2.6,0.7,0.4,1.4,2.1,18.9,
57,Alperen Sengun,22,HOU,C,34,34,31.4,7.5,15.2,0.49,0.3,1.5,0.22,7.1,13.8,0.519,0.501,3.6,4.8,0.756,3.4,7.2,10.6,5,1.3,0.9,2.5,2.8,18.9,
58,Mikal Bridges,28,NYK,SF,35,35,39.3,7.6,15,0.509,2.5,6.8,0.363,5.2,8.2,0.628,0.59,0.7,1.1,0.703,0.9,2.4,3.3,3.3,1.2,0.5,1.6,1.4,18.5,
59,Austin Reaves,26,LAL,SG,29,29,34.7,6.2,14,0.44,2.6,7.2,0.357,3.6,6.8,0.528,0.532,3.3,4.1,0.815,1,3.6,4.6,5.9,1,0.1,2.6,2.1,18.3,
60,Bradley Beal,31,PHO,SG,22,22,33.4,7.1,14.6,0.489,2.2,5.8,0.386,4.9,8.8,0.557,0.565,1.7,2.3,0.76,0.7,3,3.7,3.1,1.2,0.7,2.2,2.7,18.2,
61,Miles Bridges,26,CHO,PF,20,20,31.1,6.4,15.4,0.416,2,6.9,0.285,4.5,8.6,0.52,0.479,3.3,3.8,0.88,0.9,6.9,7.8,3.7,0.7,0.7,2.1,1.4,18.1,
62,Tyrese Haliburton,24,IND,PG,35,35,35.3,6.2,14.2,0.44,2.9,8.4,0.35,3.3,5.8,0.569,0.543,2.7,3.2,0.838,0.7,3,3.7,8.8,1.2,0.6,1.8,1.4,18.1,
63,Shaedon Sharpe,21,POR,SG,25,23,31.1,6.6,14.7,0.451,1.8,6.2,0.288,4.8,8.5,0.571,0.512,2.8,3.5,0.795,0.6,2.9,3.6,2.4,0.8,0.2,1.7,1.8,17.9,
64,Coby White,24,CHI,SG,32,32,32.8,6,14.3,0.421,3,8.4,0.352,3.1,5.9,0.521,0.525,2.9,3.3,0.886,0.4,3.2,3.5,4.7,1.1,0.2,2.4,2.5,17.9,
65,John Collins,27,UTA,PF,26,17,30,6.5,12.3,0.523,1.4,3.3,0.424,5.1,9.1,0.559,0.579,3.4,3.9,0.871,2.2,6,8.2,2.5,1.1,0.8,2.6,2.9,17.7,
66,Kristaps Porziņģis,29,BOS,C,12,12,27.3,5.8,13,0.449,2,5.8,0.343,3.8,7.2,0.535,0.526,4,4.8,0.842,1.3,4.9,6.3,1.7,0.7,1.5,0.8,2.3,17.7,
67,Collin Sexton,26,UTA,SG,32,30,28.5,6.4,12.9,0.493,2,4.5,0.438,4.4,8.4,0.522,0.569,2.9,3.3,0.895,0.9,1.8,2.7,3.8,0.8,0.1,2.6,2.3,17.7,
68,Anfernee Simons,25,POR,SG,30,30,31.4,6.3,15.1,0.415,2.6,7.8,0.335,3.7,7.3,0.5,0.501,2.5,2.8,0.905,0.3,2.4,2.7,4.9,1,0.1,2.4,2,17.7,
69,Jimmy Butler,35,MIA,PF,22,22,30.8,5.8,10.5,0.552,0.5,1.5,0.375,5.3,9.1,0.58,0.578,5.4,6.9,0.788,2.3,3.2,5.5,4.7,1.2,0.4,1.2,1,17.6,
70,Jaden Ivey,22,DET,SG,30,30,29.9,6.3,13.8,0.46,2.1,5.1,0.409,4.2,8.6,0.49,0.536,2.8,3.9,0.733,1.3,2.8,4.1,4,0.9,0.4,3,2.2,17.6,
71,Gradey Dick,21,TOR,SG,29,29,31.8,5.9,14.3,0.414,2.4,7,0.351,3.5,7.3,0.474,0.5,3.1,3.5,0.891,0.8,2.7,3.6,2.1,1,0.2,1.8,2.4,17.4,
72,Derrick White,30,BOS,SG,34,34,34.3,6,13.1,0.456,3.6,9.1,0.399,2.4,4,0.584,0.594,1.7,2.1,0.831,1,3.6,4.5,4.4,0.9,1.2,1.7,2.1,17.3,
73,Jonathan Kuminga,22,GSW,PF,31,10,26.4,6.1,13.5,0.456,1.2,3.6,0.327,4.9,9.8,0.503,0.5,3.4,5.3,0.642,1.4,3.6,5.1,2.2,0.9,0.6,1.5,2,16.9,
74,Jordan Clarkson,32,UTA,SG,21,3,26.7,5.6,13.6,0.414,2,5.7,0.345,3.7,7.9,0.464,0.486,3.5,4.3,0.811,0.7,2.9,3.5,4,0.9,0.3,2.6,1.6,16.7,
75,Bennedict Mathurin,22,IND,SG,35,30,32.9,5.7,12.4,0.462,1.5,4,0.367,4.3,8.4,0.507,0.521,3.8,4.6,0.831,1.3,4.8,6.1,1.8,0.7,0.4,2.1,2.6,16.7,
76,OG Anunoby,27,NYK,PF,35,35,36.6,6.3,13.2,0.478,2.1,6,0.354,4.2,7.2,0.581,0.558,1.9,2.4,0.795,1.2,3.8,4.9,2,1.5,1,1.3,2.5,16.6,
77,Bam Adebayo,27,MIA,C,32,32,34.5,6.3,13.7,0.462,0.7,2.6,0.277,5.6,11.1,0.506,0.489,3.1,4.3,0.725,2.4,7.4,9.8,4.8,1.4,0.8,2.2,2.1,16.5,
78,Desmond Bane,26,MEM,SG,27,26,28.8,6.1,13,0.469,2,5.8,0.353,4,7.2,0.562,0.547,2.3,2.7,0.849,0.9,5.1,6,5,1.1,0.5,2.4,2.6,16.5,
79,Malik Monk,26,SAC,SG,28,15,30.3,5.8,13.3,0.439,2.4,6.9,0.349,3.4,6.4,0.536,0.53,2.4,2.8,0.883,0.3,3.4,3.6,4.9,0.8,0.5,1.9,2.4,16.5,
80,Chet Holmgren,22,OKC,C,10,10,26.5,5.6,11.1,0.505,1.4,3.7,0.378,4.2,7.4,0.568,0.568,3.8,4.9,0.776,1.6,7.1,8.7,2,0.8,2.6,2.3,1.8,16.4,
81,Jalen Suggs,23,ORL,PG,34,34,29,5.7,13.9,0.41,2.2,7,0.312,3.5,6.9,0.508,0.488,2.9,3.1,0.907,0.7,3.4,4.1,3.7,1.5,1,2.9,2.7,16.4,
82,Andrew Wiggins,29,GSW,SF,29,29,29,5.8,12.8,0.449,2.1,5.3,0.403,3.6,7.5,0.482,0.532,2.7,3.4,0.79,1.6,2.9,4.4,2.4,0.8,0.9,1.2,1.7,16.4,
83,Paul George,34,PHI,PF,22,22,31.9,5.9,13.9,0.422,2.1,6.2,0.336,3.8,7.7,0.491,0.497,2.5,3,0.806,0.8,4.7,5.5,4.5,1.8,0.5,2.7,2.5,16.3,
84,Dennis Schröder,31,2TM,PG,31,31,32,5.6,13.2,0.426,2.2,6.1,0.362,3.4,7.1,0.482,0.51,2.8,3.2,0.879,0.3,2.5,2.8,6,1,0.2,2.5,2.5,16.2,
84,Dennis Schröder,31,BRK,PG,23,23,33.6,6.4,14.1,0.452,2.5,6.5,0.387,3.9,7.6,0.509,0.542,3.1,3.5,0.889,0.2,2.8,3,6.6,1.1,0.2,2.6,2.4,18.4,
84,Dennis Schröder,31,GSW,PG,8,8,27.6,3.4,10.4,0.325,1.3,4.8,0.263,2.1,5.6,0.378,0.386,1.9,2.3,0.833,0.5,1.8,2.3,4.1,0.6,0.1,2.1,2.8,9.9,
85,Malik Beasley,28,DET,SG,34,8,28.1,5.6,13.4,0.423,3.7,9.2,0.403,1.9,4.1,0.468,0.562,1.1,1.5,0.725,0.6,2.5,3.1,1.9,0.8,0.1,1.1,1.3,16.1,
86,Keyonte George,21,UTA,PG,27,27,31.7,5.3,13.5,0.395,2.7,7.6,0.35,2.7,5.9,0.453,0.493,2.5,3.1,0.798,0.4,2.8,3.3,5.7,0.7,0.2,3.3,1.7,15.8,
87,Payton Pritchard,27,BOS,PG,35,0,28.6,5.4,11.3,0.477,3.7,8.5,0.428,1.7,2.7,0.632,0.64,1.2,1.4,0.84,1.4,2.4,3.8,3.4,0.9,0.1,1,1.7,15.6,
88,Immanuel Quickley,25,TOR,PG,5,5,26.6,5.4,15,0.36,2,6.4,0.313,3.4,8.6,0.395,0.427,2.8,3,0.933,0.2,2.6,2.8,7.6,0.4,0,1.6,2.2,15.6,
89,Dejounte Murray,28,NOP,PG,18,18,33.6,5.8,15.8,0.365,1.3,5.1,0.25,4.5,10.7,0.42,0.405,2.7,3.2,0.842,0.4,5.9,6.4,7.7,2.4,0.5,3.9,2.3,15.5,
90,Devin Vassell,24,SAS,SG,19,8,28.1,5.8,12.9,0.447,2.1,5.6,0.364,3.7,7.3,0.511,0.526,1.8,2.4,0.778,0.7,2.5,3.2,3,1.2,0.4,1.4,1.8,15.5,
91,Jakob Poeltl,29,TOR,C,30,29,32,6.6,10.9,0.604,0,0.1,0,6.6,10.8,0.608,0.604,2.2,3.2,0.691,3.8,6.9,10.7,2.6,1.2,1.3,2.1,3.5,15.4,
92,Jared McCain,20,PHI,SG,23,8,25.7,5.5,11.9,0.46,2.2,5.8,0.383,3.3,6.1,0.532,0.553,2.1,2.4,0.875,0.6,1.9,2.4,2.6,0.7,0,1.6,1.6,15.3,
93,Myles Turner,28,IND,C,33,33,31.4,5.5,11.3,0.489,1.9,4.9,0.393,3.6,6.3,0.565,0.575,2.2,3,0.724,1.4,5.7,7.1,1.6,0.8,2,2.2,2.9,15.1,
94,Jerami Grant,30,POR,PF,29,29,32.7,4.9,12.7,0.382,2.4,6.4,0.382,2.4,6.3,0.383,0.478,2.8,3.4,0.82,0.5,3.1,3.6,2.3,0.9,1,1.4,2.3,15,
95,Ivica Zubac,27,LAC,C,34,34,32.1,6.7,11.1,0.609,0,0,,6.7,11.1,0.609,0.609,1.5,2.9,0.51,3.9,8.5,12.4,2.5,0.7,1,1.8,2,14.9,
96,Fred VanVleet,30,HOU,PG,32,32,35.2,5.2,13.8,0.376,2.5,7.7,0.32,2.7,6.1,0.446,0.465,2,2.4,0.808,0.8,3.7,4.5,5.9,1.5,0.5,1.5,2.4,14.8,
97,Josh Hart,29,NYK,SG,34,34,37.5,5.5,9.7,0.571,1.4,3.6,0.382,4.1,6.1,0.684,0.643,2.1,2.7,0.802,1.8,6.9,8.7,5.6,1.4,0.4,2,2.5,14.6,
98,Kyle Kuzma,29,WAS,PF,15,13,26.7,5.9,13.4,0.443,1.1,4.1,0.258,4.9,9.3,0.525,0.483,1.6,2.6,0.615,0.7,4.7,5.4,2.1,0.5,0.2,2.2,1.9,14.5,
99,Malcolm Brogdon,32,WAS,PG,17,12,25.5,4.9,11,0.449,0.9,2.7,0.326,4.1,8.3,0.489,0.489,3.6,4.1,0.886,1,3.1,4.1,3.9,0.6,0.3,1.8,1.5,14.4,
100,Deandre Ayton,26,POR,C,24,24,30.1,6.7,11.7,0.569,0.3,1.1,0.231,6.4,10.6,0.604,0.58,0.8,1.2,0.643,2.9,7.1,10,1.4,0.9,1,1.8,2.4,14.3,
101,Klay Thompson,34,DAL,SF,30,30,27.8,5.1,12.2,0.416,3.1,8,0.385,2,4.2,0.476,0.542,1,1.1,0.909,0.6,2.9,3.5,1.9,1,0.4,1.3,1.4,14.2,
102,Christian Braun,23,DEN,SG,32,32,34,5.4,9.7,0.557,0.9,2.6,0.361,4.4,7.1,0.628,0.605,2.4,3,0.8,1.2,3.7,4.8,2.2,1.2,0.6,1.1,2.3,14.1,
103,Tre Mann,23,CHO,PG,13,0,24.5,5.4,12.4,0.435,1.8,4.6,0.4,3.5,7.8,0.455,0.509,1.5,1.6,0.905,0.9,2,2.9,3,0.5,0.3,1.9,1.8,14.1,
104,Bobby Portis,29,MIL,PF,31,5,25.5,5.8,12.3,0.471,1.4,3.6,0.381,4.4,8.6,0.509,0.528,1.2,1.5,0.8,1.8,6.2,8.1,2.2,0.7,0.6,1.3,1.7,14.1,
105,Dillon Brooks,29,HOU,SF,31,31,32.1,5,11.9,0.423,2.4,6.1,0.384,2.7,5.8,0.464,0.522,1.5,1.8,0.873,1.3,2.7,4,1.5,0.7,0.3,1.1,3.4,14,
106,Jeremy Sochan,21,SAS,PF,20,17,29.3,5.5,10.4,0.524,0.5,1.7,0.265,5,8.7,0.575,0.546,2.6,3.5,0.729,2.7,5.6,8.3,2.8,0.9,0.7,1.9,2.5,13.9,
107,Aaron Gordon,29,DEN,PF,17,16,28.8,4.8,9.1,0.523,1.3,2.9,0.44,3.5,6.2,0.562,0.594,2.9,3.8,0.754,1.9,3.9,5.8,3.1,0.5,0.2,1.4,1.8,13.7,
108,Jarrett Allen,26,CLE,C,34,34,29,5.6,8.1,0.688,0,0,0,5.6,8.1,0.691,0.688,2.4,3.3,0.732,2.3,7.7,10.1,1.8,1,0.9,1.1,1.4,13.6,
109,Deni Avdija,24,POR,SF,33,15,27.1,4.5,9.8,0.455,1.4,4,0.359,3,5.8,0.521,0.528,3.2,4.1,0.793,1.3,4.6,5.9,3.2,0.9,0.7,2.3,2.2,13.6,
110,Khris Middleton,33,MIL,SF,11,6,23.6,4.9,10.7,0.458,1.7,4,0.432,3.2,6.7,0.473,0.538,2.1,2.5,0.852,0.4,3.8,4.2,5.2,0.9,0.2,2.4,2.6,13.6,
111,Tobias Harris,32,DET,PF,32,32,31.8,5,11.2,0.444,1.4,4.2,0.343,3.5,7,0.504,0.508,1.8,2.2,0.843,1.1,5.4,6.5,2.3,0.8,0.9,1.1,2,13.2,
112,Santi Aldama,24,MEM,PF,31,11,25.7,5.1,10,0.508,1.7,4.5,0.388,3.4,5.5,0.605,0.595,1.1,1.4,0.767,1.5,5.7,7.3,3,0.9,0.5,1.2,1,13,
113,Dyson Daniels,21,ATL,SG,31,31,33.4,5.4,12.2,0.446,1.2,3.9,0.311,4.2,8.2,0.51,0.496,0.8,1.4,0.591,1.6,3.4,5,3.6,3.2,0.8,1.8,2.4,12.9,
114,Moritz Wagner,27,ORL,C,30,1,18.8,4.7,8.3,0.562,0.9,2.5,0.36,3.8,5.8,0.649,0.616,2.6,3.7,0.718,1.3,3.6,4.9,1.4,0.8,0.4,1.6,1.8,12.9,
115,Bilal Coulibaly,20,WAS,SF,29,29,33.8,4.6,10.8,0.426,1.1,3.8,0.297,3.4,6.9,0.498,0.479,2.5,3.2,0.785,1.3,4.1,5.5,3.6,1.4,0.8,2,2.4,12.8,
116,Kelly Oubre Jr.,29,PHI,SF,30,27,32.4,4.9,10.8,0.455,1.2,4.3,0.287,3.7,6.5,0.567,0.512,1.7,2.4,0.722,1.6,4.1,5.7,1.5,1.4,0.5,1.3,2.8,12.8,
117,D'Angelo Russell,28,2TM,PG,31,11,26.4,4.5,10.8,0.421,1.9,5.7,0.326,2.7,5.1,0.529,0.507,1.7,1.9,0.867,0.3,2.5,2.7,5,0.8,0.2,1.7,1.9,12.6,
117,D'Angelo Russell,28,LAL,PG,29,10,26.3,4.4,10.7,0.415,1.9,5.8,0.333,2.5,4.9,0.51,0.505,1.6,1.8,0.849,0.3,2.5,2.8,4.7,0.8,0.1,1.7,1.8,12.4,
117,D'Angelo Russell,28,BRK,PG,2,1,27,6,12,0.5,1,5,0.2,5,7,0.714,0.542,3.5,3.5,1,0,2.5,2.5,10,1.5,1,2,2.5,16.5,
118,Ayo Dosunmu,25,CHI,SG,30,17,30.8,4.9,10,0.49,1.3,4.2,0.32,3.6,5.8,0.611,0.557,1.4,1.8,0.796,0.6,3.3,3.9,4.8,0.8,0.5,1.3,2.3,12.6,
119,Tyus Jones,28,PHO,PG,32,32,31.3,4.8,9.7,0.492,2.3,5.3,0.435,2.5,4.5,0.559,0.609,0.8,0.9,0.857,0.6,2.1,2.6,6.3,1,0.2,1.3,1.1,12.6,
120,Naz Reid,25,MIN,C,33,0,24.7,4.7,10.2,0.463,1.8,4.9,0.356,2.9,5.2,0.564,0.549,1.5,1.8,0.831,0.8,4.2,5,1.7,0.7,0.8,1.3,2.4,12.6,
121,P.J. Washington,26,DAL,PF,28,27,31.9,4.6,10.5,0.437,1.6,4.1,0.379,3,6.3,0.475,0.512,1.9,2.5,0.746,1.4,6,7.4,2.1,1.1,1.1,1.7,2,12.6,
122,Mark Williams,23,CHO,C,11,8,19.2,5.2,8,0.648,0,0.1,0,5.2,7.9,0.655,0.648,2.2,2.8,0.774,2.4,5,7.4,2,0.5,1,0.8,2.1,12.5,
123,Buddy Hield,32,GSW,SG,33,6,22.8,4.4,10.3,0.425,2.8,7.1,0.389,1.6,3.2,0.505,0.559,0.7,0.8,0.923,0.6,2.7,3.3,1.2,0.8,0.3,1.2,1.9,12.3,
124,Jrue Holiday,34,BOS,PG,29,29,30.6,4.5,9.8,0.456,1.9,5.4,0.348,2.6,4.4,0.591,0.553,1.4,1.6,0.894,1.1,3,4.1,3.8,1,0.4,1.4,1.4,12.3,
125,Keldon Johnson,25,SAS,SF,31,0,24.6,4.6,10.2,0.454,1.1,3.8,0.28,3.5,6.4,0.558,0.506,2,2.6,0.763,1.1,3.9,5,1.5,0.7,0.2,0.8,1.5,12.3,
126,Isaiah Hartenstein,26,OKC,C,19,18,29.8,5.2,9,0.573,0,0.4,0,5.2,8.6,0.601,0.573,1.8,2.8,0.66,2.7,9.6,12.3,4.1,0.8,1.3,1.8,2.9,12.2,
127,Brook Lopez,36,MIL,C,32,32,32.1,4.7,9.5,0.493,1.8,5,0.369,2.8,4.5,0.632,0.59,1,1.3,0.744,1.2,3.6,4.8,1.6,0.9,1.9,1.1,2.2,12.2,
128,Terry Rozier,30,MIA,PG,28,13,28.7,4.4,10.9,0.401,1.6,5.2,0.315,2.7,5.6,0.481,0.477,1.8,2,0.895,0.7,3.4,4.1,2.9,0.6,0.4,1.5,1.5,12.2,
129,Julian Champagnie,23,SAS,SF,34,26,27.9,4.2,9.7,0.433,2.6,7,0.372,1.6,2.7,0.593,0.568,1.1,1.2,0.905,0.8,3.9,4.7,1.3,0.8,0.6,1.1,1.6,12.1,
130,Josh Giddey,22,CHI,PG,30,30,27.3,4.6,10.3,0.447,1.2,3.9,0.308,3.4,6.4,0.531,0.505,1.7,2.3,0.729,1.4,5.4,6.9,6.8,1,0.5,2.7,1.4,12.1,
131,Rui Hachimura,26,LAL,PF,29,29,32.7,4.5,9.3,0.48,1.5,3.6,0.417,3,5.8,0.518,0.559,1.7,2,0.814,1.7,3.7,5.4,1.6,0.9,0.7,1,2,12.1,
132,Russell Westbrook,36,DEN,PG,33,12,26.5,4.5,9.8,0.457,1.1,3.4,0.319,3.4,6.4,0.531,0.512,2.1,3.3,0.63,1.1,3.5,4.5,6.7,1.7,0.5,2.7,2.6,12.1,
133,Daniel Gafford,26,DAL,C,34,15,20.5,4.9,6.8,0.719,0,0,,4.9,6.8,0.719,0.719,2.1,3.1,0.676,2.5,3.7,6.2,1.2,0.5,1.4,1.1,2.6,11.9,
134,Alex Sarr,19,WAS,C,29,29,27.2,4.5,10.9,0.413,1.4,4.5,0.315,3.1,6.4,0.481,0.478,1.5,2.3,0.652,1.9,4.4,6.3,2.3,0.7,1.7,1.6,2.8,11.9,
135,Jabari Smith Jr.,21,HOU,PF,33,33,30.9,4.1,9.5,0.435,1.7,4.8,0.354,2.4,4.7,0.516,0.524,2,2.3,0.867,1.8,4.7,6.5,1,0.4,1,0.9,2.3,11.9,
136,Amen Thompson,22,HOU,SF,32,5,27.8,4.6,8.3,0.556,0.3,1.3,0.262,4.3,7,0.612,0.577,2.3,3.4,0.694,2.5,4.6,7.1,2.2,1.1,1.1,1.8,2.3,11.9,
137,Caris LeVert,30,CLE,SF,28,0,23.9,4.1,8.2,0.504,1.8,4,0.459,2.3,4.3,0.546,0.615,1.7,2.5,0.671,0.5,2.3,2.7,3.7,1,0.5,1.3,1.3,11.8,
138,Jonas Valančiūnas,32,WAS,C,32,7,20,4.9,8.8,0.553,0.1,0.6,0.158,4.8,8.2,0.582,0.559,2,2.2,0.901,2.3,5.7,8.1,2.4,0.5,0.8,1.8,1.8,11.8,
139,Jaylen Wells,21,MEM,SG,35,30,25.3,4.3,9.4,0.453,2,5,0.394,2.3,4.4,0.519,0.558,1.3,1.6,0.807,1.1,2.2,3.3,1.7,0.5,0.1,1.2,1.8,11.8,
140,Brandon Boston Jr.,23,NOP,SG,32,10,25.2,4.3,9.6,0.454,1.2,3.5,0.348,3.1,6.1,0.515,0.518,1.7,2.1,0.821,0.6,2.8,3.4,2.7,1.4,0.3,1.3,1.8,11.6,
141,Keegan Murray,24,SAC,PF,32,32,35.5,4.5,10.9,0.413,1.6,5.5,0.286,2.9,5.4,0.54,0.484,1.1,1.2,0.872,2.2,5.2,7.4,1.4,0.7,0.8,1,2.9,11.6,
142,Onyeka Okongwu,24,ATL,C,28,0,23.6,4.5,8.2,0.555,0.4,1.6,0.239,4.1,6.5,0.634,0.579,2,2.6,0.767,2.6,4.1,6.7,1.4,0.7,0.7,0.8,2.3,11.5,
143,Tari Eason,23,HOU,PF,24,0,22.8,4.4,9.2,0.475,1,3,0.315,3.4,6.2,0.554,0.527,1.5,2,0.755,2.1,4.2,6.3,1,1.9,1,0.8,2.5,11.3,
144,Scoot Henderson,20,POR,PG,26,3,26,4,9.9,0.403,1.1,3.5,0.308,2.9,6.4,0.455,0.457,2.2,3,0.753,0.7,2.2,2.8,5.2,1.2,0.3,2.7,2.8,11.3,
145,Corey Kispert,25,WAS,SF,27,0,26.8,4.1,9.4,0.441,2,5.7,0.348,2.1,3.7,0.586,0.547,1,1.2,0.844,0.5,2.7,3.1,1.6,0.5,0.2,1.1,1.7,11.3,
146,Ochai Agbaji,24,TOR,SG,35,33,30.2,4.5,8.8,0.508,1.7,4.1,0.415,2.8,4.8,0.587,0.604,0.5,0.8,0.679,0.9,2.9,3.9,1.8,0.8,0.5,0.9,2.3,11.2,
147,Jordan Hawkins,22,NOP,SG,19,3,24.1,3.6,10.3,0.352,1.9,5.8,0.324,1.7,4.5,0.388,0.444,2,2.3,0.864,0.4,2.6,2.9,1.1,0.4,0.6,0.9,0.8,11.2,
148,Duncan Robinson,30,MIA,SF,30,19,23.4,4,9.5,0.421,2.5,6.6,0.382,1.5,2.9,0.512,0.554,0.6,0.7,0.864,0.3,2,2.4,2.6,0.5,0.1,0.9,2.1,11.2,
149,Zach Edey,22,MEM,C,21,14,21.9,4.6,7.8,0.591,0.4,1,0.409,4.2,6.8,0.62,0.619,1.5,2.3,0.633,3.7,4.3,8,1,0.8,1.1,1.6,2.9,11.1,
150,Bogdan Bogdanović,32,ATL,SG,15,0,25.3,3.7,9.3,0.403,2.1,6.2,0.333,1.7,3.1,0.543,0.514,1.3,1.4,0.952,0.6,2.5,3.1,2.3,1,0.3,1.7,2.5,10.9,
151,Stephon Castle,20,SAS,PG,33,18,25.1,3.8,9.9,0.388,1,3.7,0.26,2.9,6.2,0.466,0.437,2.2,3.2,0.712,0.6,1.9,2.5,3.6,0.8,0.3,1.8,1.7,10.9,
152,Justin Champagnie,23,WAS,SF,15,12,25.7,4.4,7.9,0.559,1.5,3.7,0.4,2.9,4.2,0.698,0.653,0.7,1.1,0.588,2.2,4.5,6.7,1.1,1.3,0.8,1.3,2.5,10.9,
153,Naji Marshall,27,DAL,SF,26,8,23.2,4.3,8.2,0.528,0.8,2.4,0.317,3.6,5.8,0.616,0.575,1.4,1.6,0.881,0.9,2.3,3.3,2.2,0.8,0.1,1.3,1.4,10.9,
154,Herbert Jones,26,NOP,SF,17,17,33,4,8.9,0.447,1.1,3.6,0.306,2.9,5.3,0.544,0.51,1.7,2.1,0.806,1.3,2.7,4,3.4,1.9,0.4,1.8,3.5,10.8,
155,T.J. McConnell,32,IND,PG,34,0,19.6,4.9,8.9,0.551,0.2,0.7,0.292,4.7,8.2,0.573,0.563,0.8,1.1,0.703,0.6,1.9,2.6,4.3,1.2,0.3,1.6,1,10.8,
156,Andrew Nembhard,25,IND,SG,20,20,27.1,4,8.7,0.462,0.8,2.4,0.333,3.2,6.3,0.512,0.509,1.9,2.1,0.881,0.5,2.7,3.2,4.9,0.8,0.2,1.8,1.9,10.7,
157,Scotty Pippen Jr.,24,MEM,PG,35,14,22.5,4,8.5,0.473,1.1,3.1,0.367,2.9,5.4,0.534,0.54,1.5,2.2,0.701,0.7,2.7,3.4,5,1.1,0.4,2.2,2.5,10.7,
158,Zaccharie Risacher,19,ATL,SF,35,33,23.9,4,9.9,0.402,1.2,4.3,0.28,2.8,5.7,0.495,0.463,1.5,2.2,0.701,1.3,2.1,3.4,1.2,0.8,0.6,1.2,2.1,10.7,
159,Harrison Barnes,32,SAS,PF,34,34,27.8,3.6,7.4,0.478,1.4,3.4,0.414,2.1,4,0.533,0.573,2.1,2.6,0.798,1.5,2.3,3.9,1.5,0.3,0.2,0.7,0.8,10.6,
160,Amir Coffey,27,LAC,SG,33,9,24.9,3.7,7.4,0.502,1.7,3.8,0.449,2,3.6,0.559,0.618,1.3,1.6,0.846,0.5,2.1,2.6,1.2,0.5,0.1,0.8,1.6,10.5,
161,Royce O'Neale,31,PHO,SF,31,9,26.4,3.7,8.3,0.447,2.5,5.7,0.441,1.2,2.6,0.463,0.599,0.5,0.7,0.762,1,4.6,5.6,2.4,1,0.6,1,2.3,10.5,
162,Grayson Allen,29,PHO,SG,23,1,23.9,3.2,8,0.404,2.2,5.8,0.376,1,2.2,0.48,0.541,1.8,2.2,0.84,0.7,2.5,3.2,1.8,0.9,0.3,1,1.5,10.4,
163,Grant Williams,26,CHO,PF,16,7,29.9,3.4,7.7,0.439,1.7,4.6,0.365,1.7,3.1,0.551,0.549,1.9,2.3,0.838,1.1,4,5.1,2.3,1.1,0.8,1.8,2.9,10.4,
164,Jose Alvarado,26,NOP,PG,12,7,25.1,3.5,8.9,0.393,2.1,5.3,0.391,1.4,3.6,0.395,0.509,1.2,1.4,0.824,0.6,1.6,2.2,4.3,1.7,0.3,1.2,2.3,10.3,
165,Rudy Gobert,32,MIN,C,33,33,33.5,3.9,6.2,0.631,0,0,,3.9,6.2,0.631,0.631,2.4,3.4,0.714,3.4,7.1,10.5,1.7,0.7,1.4,1.5,2.6,10.3,
166,De'Anthony Melton,26,GSW,SG,6,2,20.2,3.7,9,0.407,2.2,5.8,0.371,1.5,3.2,0.474,0.528,0.8,1.3,0.625,1,2.3,3.3,2.8,1.2,0.3,1.7,3,10.3,
167,Obi Toppin,26,IND,PF,32,0,19.7,4,7.3,0.551,1.3,3.5,0.36,2.8,3.8,0.724,0.637,1,1.3,0.825,0.7,3.4,4.1,1.7,0.8,0.4,0.7,1.5,10.3,
168,Walker Kessler,23,UTA,C,26,26,29.8,4.4,6.3,0.706,0.1,0.2,0.5,4.3,6.1,0.711,0.712,1.3,2.5,0.523,3.9,7,10.9,1.8,0.5,2.7,1.5,2.3,10.2,
169,Patrick Williams,23,CHI,PF,24,23,27,3.5,8.9,0.399,1.9,4.9,0.381,1.7,4,0.421,0.505,1.2,1.4,0.879,0.8,3.5,4.3,2.2,0.9,0.5,1.5,1.3,10.2,
170,Quentin Grimes,24,DAL,SG,33,11,22.2,3.5,7.3,0.477,1.6,4,0.406,1.8,3.3,0.565,0.589,1.5,1.9,0.762,0.8,3.2,4,1.8,0.6,0.3,1.2,1.6,10.1,
171,Tim Hardaway Jr.,32,DET,SG,31,31,27.6,3.3,8.1,0.412,1.9,5.4,0.353,1.4,2.7,0.53,0.53,1.5,1.8,0.842,0.2,1.8,2,1.6,0.4,0,0.7,1.4,10.1,
172,Ty Jerome,27,CLE,SG,33,2,17.6,3.7,7.4,0.498,1.4,3.3,0.417,2.3,4.1,0.563,0.591,1.4,1.5,0.9,0.6,1.5,2.2,3.5,1.1,0,1.1,1.5,10.1,
173,Donte DiVincenzo,28,MIN,SG,33,2,25.5,3.4,8.6,0.389,2.4,6.6,0.359,1,2.1,0.485,0.526,0.9,1.1,0.833,0.4,3,3.4,3.4,1.1,0.2,1.6,1.6,10,
174,Dalton Knecht,23,LAL,SF,34,12,22.3,3.7,7.9,0.466,1.7,4.7,0.358,2,3.2,0.624,0.573,0.9,1.2,0.8,0.7,2.8,3.4,1.1,0.4,0.1,0.6,1.4,10,
175,Goga Bitadze,25,ORL,C,31,28,24.8,4.1,6.5,0.631,0,0.5,0.063,4.1,6,0.679,0.633,1.6,2.3,0.714,3,5.5,8.5,2.4,0.9,1.6,1.5,2.5,9.9,
176,Chris Boucher,32,TOR,PF,31,0,17.5,3.5,7.6,0.46,1.2,3.8,0.308,2.4,3.9,0.608,0.536,1.7,2.2,0.794,1.3,2.9,4.2,0.7,0.6,0.6,0.7,1.4,9.9,
177,Nic Claxton,25,BRK,C,28,20,26,4.3,7.5,0.567,0,0.3,0.111,4.2,7.2,0.587,0.569,1.4,2.5,0.543,1.9,5.8,7.6,2,0.9,1.1,1.3,2.2,9.9,
178,Jaden McDaniels,24,MIN,PF,33,33,29.8,3.9,9.1,0.435,1.2,3.8,0.315,2.7,5.2,0.523,0.502,0.8,1.1,0.722,1.5,3.2,4.7,1.6,1.3,0.7,1.2,3,9.9,
179,Luguentz Dort,25,OKC,SF,33,33,29.4,3.3,8.2,0.404,2.2,5.6,0.4,1.1,2.6,0.414,0.54,0.8,1.1,0.8,1.5,3,4.5,1.6,1.2,0.7,0.5,3.2,9.8,
180,Derrick Jones Jr.,27,LAC,SF,32,32,24.7,3.9,7.8,0.496,1.1,2.9,0.366,2.8,4.9,0.573,0.564,1,1.1,0.861,1.2,2.2,3.4,0.9,1.3,0.3,1,2,9.8,
181,Miles McBride,24,NYK,PG,28,0,24.5,3.4,8.1,0.425,1.9,4.7,0.402,1.5,3.4,0.457,0.542,1,1.3,0.8,0.8,1.9,2.6,3,0.9,0.2,0.9,1.6,9.8,
182,Guerschon Yabusele,29,PHI,PF,32,11,24.1,3.6,7,0.507,1.5,3.7,0.395,2.1,3.3,0.632,0.611,1.3,1.8,0.678,1.6,3.5,5.1,1.8,0.7,0.4,1.3,2.5,9.8,
183,Dorian Finney-Smith,31,2TM,PF,23,20,28.1,3.4,7.6,0.448,2.2,5.1,0.427,1.2,2.5,0.491,0.592,0.7,1,0.625,1.7,2.8,4.4,1.5,0.8,0.5,0.8,2.8,9.6,
183,Dorian Finney-Smith,31,BRK,PF,20,20,29,3.7,8,0.459,2.4,5.4,0.435,1.3,2.6,0.51,0.607,0.8,1.2,0.625,1.6,3,4.6,1.6,0.9,0.6,0.9,2.7,10.4,
183,Dorian Finney-Smith,31,LAL,PF,3,0,22.7,1.7,5,0.333,1,3,0.333,0.7,2,0.333,0.433,0,0,,2.3,1.3,3.7,1.3,0.3,0,0.3,3.3,4.3,
184,Jalen Duren,21,DET,C,31,31,24.9,4,5.7,0.695,0,0,,4,5.7,0.695,0.695,1.6,2.7,0.607,3.2,6.2,9.4,2.2,0.5,1.2,1.9,3.2,9.6,
185,Kevin Porter Jr.,24,LAC,SG,30,1,20,3.9,9.6,0.404,0.6,2.6,0.241,3.2,6.9,0.466,0.437,1.3,1.9,0.655,0.7,2.9,3.6,3.1,0.9,0.3,2.2,1.7,9.6,
186,Gary Trent Jr.,26,MIL,SG,30,7,24.9,3.3,7.9,0.418,2.1,5.1,0.405,1.2,2.8,0.44,0.549,0.9,1,0.9,0.2,2,2.2,0.9,1,0,0.7,2,9.6,
187,Larry Nance Jr.,32,ATL,PF,15,2,19.4,3.7,6.3,0.585,1.7,3.3,0.52,1.9,2.9,0.659,0.723,0.5,0.5,0.875,1.1,3.2,4.3,1.6,1.1,0.7,0.7,1.5,9.5,
188,Clint Capela,30,ATL,C,35,35,22.9,4.2,7.3,0.576,0,0,,4.2,7.3,0.576,0.576,1,1.9,0.523,3.3,5.7,9,1.3,0.6,0.9,0.9,2,9.4,
189,Yves Missi,20,NOP,C,34,28,27.2,3.8,6.7,0.561,0,0,0,3.8,6.7,0.564,0.561,1.9,2.9,0.64,3.9,4.6,8.5,1.5,0.6,1.4,1.2,2.3,9.4,
190,Chris Paul,39,SAS,PG,34,34,28.9,3.1,7.5,0.414,1.7,4.8,0.35,1.4,2.7,0.527,0.525,1.4,1.5,0.98,0.5,3.9,4.4,8.4,1.5,0.2,1.7,1.8,9.4,
191,Nick Richards,27,CHO,C,18,9,21.6,3.2,5.7,0.569,0,0.1,0,3.2,5.6,0.574,0.569,2.9,4.4,0.658,2.3,5.3,7.6,1.4,0.3,1.3,1.7,2.6,9.3,
192,Jalen Wilson,24,BRK,PF,33,8,26.8,3.1,7.9,0.395,1.4,4.3,0.331,1.7,3.6,0.471,0.485,1.6,1.9,0.855,1,2.3,3.3,1.8,0.5,0,1,2.3,9.3,
193,Nickeil Alexander-Walker,26,MIN,SG,33,2,23.1,3.3,6.6,0.502,1.7,3.8,0.448,1.6,2.8,0.574,0.63,0.8,1.1,0.75,0.5,2.3,2.8,2.4,0.8,0.3,1.4,1.6,9.2,
194,Dalano Banton,25,POR,PG,26,0,16.1,3.3,7.9,0.417,1.2,3.3,0.356,2.1,4.6,0.462,0.493,1.4,2.2,0.661,0.3,1.8,2.2,2.5,0.8,0.5,1.7,1,9.2,
195,Kentavious Caldwell-Pope,31,ORL,SG,35,35,31.1,3.2,7.7,0.414,1.5,4.9,0.308,1.7,2.7,0.604,0.513,1.4,1.5,0.923,0.3,1.7,2,2,1.7,0.7,0.8,2,9.2,
196,Aaron Nesmith,25,IND,SF,6,6,22.7,3.2,6,0.528,1,1.8,0.545,2.2,4.2,0.52,0.611,1.8,2.2,0.846,0.7,3.3,4,1,0.7,0.3,0.8,4,9.2,
197,Marcus Smart,30,MEM,PG,18,6,21.2,2.9,7.9,0.373,1.6,4.8,0.333,1.3,3.1,0.436,0.475,1.7,2,0.833,0.8,1.6,2.3,3.8,1.3,0.3,1.9,1.7,9.2,
198,Aaron Wiggins,26,OKC,SG,34,10,20.1,3.6,7.6,0.465,1.4,3.7,0.392,2.1,4,0.533,0.56,0.6,0.7,0.84,0.9,2.4,3.3,1.4,0.9,0.3,0.8,1.1,9.2,
199,Toumani Camara,24,POR,PF,32,32,30.9,3.4,8,0.43,1.4,4.2,0.346,2,3.8,0.52,0.52,0.8,1.1,0.743,2.3,3.4,5.7,1.9,1.3,0.5,1.4,2.9,9.1,
200,Spencer Dinwiddie,31,DAL,PG,33,6,22.7,2.7,7.1,0.376,1.3,3.8,0.333,1.4,3.3,0.426,0.466,2.5,2.8,0.871,0.2,1.9,2.2,3.4,0.8,0.2,1,1.4,9.1,
201,Julian Strawther,22,DEN,SG,33,0,20.9,3.2,7,0.461,1.3,3.6,0.367,1.9,3.4,0.563,0.556,1.3,1.5,0.843,0.3,1.8,2.2,1.3,0.7,0.4,0.8,2.4,9.1,
202,Cam Whitmore,20,HOU,SF,16,0,14.5,3.5,8.1,0.431,0.9,3.6,0.246,2.6,4.6,0.575,0.485,1.3,1.7,0.741,0.7,2,2.7,0.6,0.4,0.1,0.7,0.8,9.1,
203,Carlton Carrington,19,WAS,PG,32,23,30,3.4,8.3,0.41,1.5,4.3,0.345,1.9,4,0.48,0.5,0.7,0.8,0.815,0.3,3.9,4.3,4,0.8,0.3,1.8,2.9,9,
204,Tristan Da Silva,23,ORL,SF,32,25,25.5,3.4,7.8,0.434,1.4,3.8,0.358,2,4,0.508,0.522,0.8,1.1,0.794,1.1,2.6,3.7,1.7,0.4,0.2,1,1.6,9,
205,Trentyn Flowers,19,LAC,SF,1,0,14,4,9,0.444,0,2,0,4,7,0.571,0.444,1,1,1,1,3,4,0,0,0,1,3,9,
206,Kevin Huerter,26,SAC,SG,31,15,24.5,3.4,8.2,0.419,1.6,5.4,0.304,1.8,2.7,0.647,0.52,0.5,0.7,0.696,0.5,2.9,3.5,2,1,0.5,1,2.1,9,
207,Jay Huff,26,MEM,C,31,1,14.9,3.2,6.1,0.519,1.6,3.9,0.413,1.5,2.2,0.706,0.651,1.1,1.4,0.767,0.6,2,2.6,0.8,0.3,1.1,0.6,1.7,9,
208,Caleb Martin,29,PHI,SF,27,20,30,3.2,7.5,0.424,1.1,2.9,0.372,2.1,4.6,0.456,0.495,1.6,2.4,0.646,1.4,2.9,4.3,2.1,1.1,0.5,1.5,1.9,9,
209,Al Horford,38,BOS,C,27,24,27.9,3.2,7.6,0.422,2,5.5,0.358,1.3,2.1,0.586,0.551,0.4,0.4,0.833,0.9,4.4,5.3,2.3,0.7,0.9,0.9,1.7,8.8,
210,Jusuf Nurkić,30,PHO,C,23,23,24.3,3,6.7,0.452,0.7,2.4,0.304,2.3,4.3,0.535,0.506,2,2.8,0.692,1.9,7.6,9.5,1.9,1,0.7,2.3,3,8.8,
211,Noah Clowney,20,BRK,PF,24,6,20.4,2.9,7,0.414,1.9,5,0.387,1,2.1,0.48,0.55,1,1.2,0.793,0.9,2.7,3.6,0.7,0.3,0.5,0.8,2.7,8.7,
212,Draymond Green,34,GSW,PF,29,27,28.6,3,7.1,0.42,1.4,3.8,0.369,1.6,3.3,0.479,0.519,1.3,2.1,0.613,1,5.2,6.3,5.7,1,1.1,2.5,3.2,8.7,
213,Peyton Watson,22,DEN,SF,33,12,23.9,3.2,6.5,0.486,0.7,2.1,0.343,2.5,4.4,0.555,0.542,1.6,2,0.776,0.9,2.2,3.2,1.4,0.8,1,0.8,1.9,8.7,
214,Nikola Jović,21,MIA,PF,23,9,20.9,2.8,6.2,0.448,1.2,3.2,0.378,1.6,3,0.522,0.545,1.8,2.2,0.82,0.5,3.2,3.7,2,0.8,0.1,0.8,1.4,8.6,
215,Dereck Lively II,20,DAL,C,27,20,24.1,3.6,5.1,0.698,0,0,,3.6,5.1,0.698,0.698,1.4,2.3,0.613,3,4.8,7.8,2.6,0.6,1.7,1.2,2.9,8.6,
216,Garrison Mathews,28,ATL,SG,26,2,18.8,2.5,5.6,0.438,2.1,4.7,0.439,0.4,0.9,0.435,0.623,1.6,1.9,0.82,0.2,1.2,1.4,1.5,0.7,0.3,0.6,1.8,8.6,
217,Georges Niang,31,CLE,PF,34,1,20.6,3.3,6.9,0.479,1.7,4.4,0.387,1.6,2.5,0.643,0.603,0.4,0.5,0.75,0.7,3.2,3.9,1.5,0.4,0.1,1,2.3,8.6,
218,Ziaire Williams,23,BRK,SF,22,7,21.7,3,7.5,0.402,0.9,3.2,0.286,2.1,4.3,0.489,0.463,1.7,2.1,0.804,1.1,3.4,4.5,1.1,0.9,0.4,0.9,2.6,8.6,
219,Anthony Black,21,ORL,PG,33,3,24,3,7.2,0.412,0.6,2.4,0.266,2.3,4.8,0.484,0.456,1.9,2.6,0.753,0.6,2.1,2.7,3.5,0.9,0.7,2.2,2.3,8.5,
220,Trayce Jackson-Davis,24,GSW,C,32,25,18.8,3.7,6.2,0.596,0,0,0,3.7,6.2,0.599,0.596,1.1,1.8,0.643,2.1,3.8,5.8,2.1,0.3,0.9,0.8,1.3,8.5,
221,Jaime Jaquez Jr.,23,MIA,SF,28,4,21.4,3.1,7.5,0.416,0.5,2,0.268,2.6,5.5,0.471,0.452,1.7,2.3,0.723,1.3,3.3,4.6,2.3,1.1,0.1,1.4,1.6,8.4,
222,Luke Kennard,28,MEM,SG,23,0,21,2.7,6.1,0.433,2,4.4,0.446,0.7,1.7,0.4,0.592,1.1,1.3,0.867,0.6,2.3,2.9,3.2,0.7,0.1,0.9,0.8,8.4,
223,Jaylen Nowell,25,NOP,SG,8,0,21,3.3,9.1,0.356,1,3.4,0.296,2.3,5.8,0.391,0.411,0.9,1.4,0.636,0.8,1.8,2.5,2.3,0.1,0.5,1,1.1,8.4,
224,Cody Martin,29,CHO,SF,31,7,25.8,3.2,7.3,0.438,1.1,3.5,0.312,2.1,3.8,0.556,0.513,0.8,1.3,0.667,1.1,3.7,4.7,2.3,1.1,0.7,1.1,2,8.3,
225,Ja'Kobe Walter,20,TOR,SG,20,7,20.1,3.1,7.7,0.399,1.1,3.7,0.288,2,4,0.5,0.467,1.2,1.7,0.697,0.9,1.9,2.8,1.6,0.5,0.3,0.9,2.1,8.3,
226,Trendon Watford,24,BRK,PF,13,0,16.1,2.7,6.1,0.443,0.6,2,0.308,2.1,4.1,0.509,0.494,2.3,2.7,0.857,0.3,2.5,2.8,1.2,0.4,0.3,1.2,2.3,8.3,
227,Mike Conley,37,MIN,PG,29,29,25,2.6,7.3,0.355,1.9,5.1,0.367,0.7,2.2,0.328,0.483,1.2,1.3,0.921,0.5,2.2,2.7,4.4,1.4,0.2,1.2,1.6,8.2,
228,Isaiah Joe,25,OKC,SG,32,10,20.1,2.9,7.4,0.392,2,5.8,0.351,0.9,1.6,0.538,0.53,0.4,0.5,0.706,0.5,2.1,2.6,1.3,0.8,0.2,0.4,1.5,8.2,
229,Jake LaRavia,23,MEM,PF,34,0,21.9,2.9,5.8,0.495,1,2.1,0.452,1.9,3.6,0.52,0.579,1.4,2.1,0.7,1.5,3,4.5,3.2,0.9,0.5,1.6,2.1,8.1,
230,Moses Moody,22,GSW,SG,27,4,15.9,2.7,6.1,0.446,1.4,3.7,0.39,1.3,2.4,0.53,0.563,1.1,1.4,0.744,0.4,1.4,1.8,0.8,0.4,0.2,0.8,1.2,8,
231,Brandin Podziemski,21,GSW,SG,30,8,24.2,3.1,7.7,0.404,1,3.5,0.295,2.1,4.2,0.496,0.472,0.7,1,0.733,1,3.5,4.5,3.2,1,0.2,1,1.5,8,
232,Sam Hauser,27,BOS,PF,28,6,21.6,2.9,6.6,0.432,2.1,5.6,0.376,0.8,1,0.75,0.592,0.1,0.1,1,0.8,2.4,3.1,1.1,0.8,0.2,0.3,1.1,7.9,
233,Max Christie,21,LAL,SG,33,12,22.6,2.5,5.4,0.453,1,2.8,0.374,1.4,2.7,0.534,0.547,1.9,2.2,0.873,0.7,1.7,2.4,1.3,0.9,0.4,0.7,1.6,7.8,
234,Brice Sensabaugh,21,UTA,SF,26,0,16.8,2.8,6.2,0.45,1.5,3.8,0.38,1.3,2.3,0.567,0.569,0.8,0.9,0.913,0.6,2,2.6,1.3,0.6,0.1,1.4,1.2,7.8,
235,Jalen Smith,24,CHI,C,30,1,15.4,2.8,6.1,0.462,1.1,3.3,0.337,1.7,2.8,0.607,0.552,1.1,1.4,0.791,1.3,4.1,5.4,0.7,0.4,0.7,0.6,1.6,7.8,
236,A.J. Green,25,MIL,SG,30,4,21.6,2.6,5.8,0.451,2.3,5.1,0.442,0.3,0.6,0.526,0.647,0.3,0.3,0.889,0.2,2.1,2.3,1.3,0.5,0.1,0.6,2,7.7,
237,Svi Mykhailiuk,27,UTA,SF,10,5,16.7,2.7,6.7,0.403,1.9,5.1,0.373,0.8,1.6,0.5,0.545,0.4,0.6,0.667,0.1,1.4,1.5,1.3,0.8,0.2,1.4,1,7.7,
238,Wendell Carter Jr.,25,ORL,C,23,19,24.8,2.7,6,0.457,0.3,2,0.149,2.4,4,0.615,0.482,1.8,2.6,0.712,1.6,5.7,7.3,2.1,0.7,0.7,0.8,2.5,7.6,
239,Bones Hyland,24,LAC,PG,14,0,11.5,2.4,6.2,0.379,1.7,4.3,0.4,0.6,1.9,0.333,0.517,1.2,1.4,0.85,0.2,0.9,1.1,1.3,0.9,0.3,1.1,1.2,7.6,
240,Keon Johnson,22,BRK,SG,32,13,20.1,2.8,7.8,0.361,1.3,4.6,0.286,1.5,3.2,0.471,0.446,0.6,0.8,0.741,0.7,2.6,3.3,1.2,0.7,0.3,1.2,2.5,7.6,
241,Vasilije Micić,31,CHO,PG,22,11,22.1,2.7,8.2,0.333,1.3,3.9,0.337,1.4,4.3,0.33,0.414,0.8,1,0.783,0.7,1.9,2.5,3.8,0.6,0,2.2,1.1,7.6,
242,Josh Green,24,CHO,SG,31,30,29,2.7,6.4,0.419,1.5,3.6,0.411,1.2,2.8,0.43,0.535,0.7,1.1,0.618,1.1,1.6,2.7,1.5,0.9,0.4,1,3.1,7.5,
243,DaQuan Jeffries,27,CHO,SG,8,0,19,3,5.6,0.533,1.1,2.5,0.45,1.9,3.1,0.6,0.633,0.4,0.5,0.75,0.8,2.1,2.9,0.6,0.6,0.6,0.8,1.8,7.5,
244,Taurean Prince,30,MIL,SF,32,26,25.7,2.7,6,0.451,1.7,3.7,0.454,1,2.3,0.446,0.591,0.4,0.6,0.722,0.7,3.3,4,1.7,0.9,0.2,1.2,2,7.5,
245,Brandon Clarke,28,MEM,PF,32,18,18.5,3.3,5.5,0.602,0,0.5,0.063,3.3,5,0.656,0.605,0.8,1.2,0.649,1.8,3.4,5.2,1,0.8,0.5,0.5,2.1,7.4,
246,Kyshawn George,21,WAS,SG,27,6,25.4,2.6,7.4,0.343,1.3,4.9,0.256,1.3,2.5,0.515,0.428,0.9,1.2,0.719,0.7,3.3,4,2.2,0.7,0.7,1.1,2.9,7.2,
247,Kelly Olynyk,33,TOR,C,12,1,15.7,2.4,5.3,0.46,0.9,1.9,0.478,1.5,3.3,0.45,0.548,1.4,1.7,0.85,1.1,3,4.1,2.1,0.8,0.3,1.7,2.5,7.2,
248,Ausar Thompson,22,DET,SF,14,3,17.7,3.1,6.6,0.478,0.3,1.3,0.222,2.9,5.3,0.541,0.5,0.6,1.6,0.409,1.4,2.9,4.3,1.6,1.1,0.3,1.6,2.6,7.2,
249,Jaden Hardy,22,DAL,SG,27,3,15,2.6,6.1,0.418,1,2.8,0.355,1.6,3.3,0.472,0.5,1,1.3,0.743,0.2,1.3,1.5,1.3,0.6,0.1,1.4,1.5,7.1,
250,Johnny Juzang,23,UTA,SG,28,2,17.1,2.4,5.7,0.421,1.6,4.1,0.404,0.8,1.6,0.467,0.566,0.6,0.8,0.857,0.6,1.9,2.5,0.9,0.4,0.1,0.5,1.9,7.1,
251,Trey Lyles,29,SAC,PF,25,2,20.5,2.4,5.7,0.415,1.6,4.1,0.392,0.8,1.6,0.475,0.556,0.8,1,0.76,0.9,3.4,4.3,0.9,0.6,0.5,0.6,1.3,7.1,
252,Shake Milton,28,2TM,SG,30,1,17.7,2.6,5.6,0.456,1,2.7,0.37,1.6,2.9,0.534,0.544,0.9,1.2,0.771,0.5,1.5,2,2.3,0.5,0.1,0.7,1.5,7,
252,Shake Milton,28,BRK,SG,27,1,18.2,2.7,5.8,0.465,1,2.7,0.389,1.7,3.1,0.529,0.554,0.9,1.2,0.758,0.6,1.3,1.9,2.4,0.6,0,0.7,1.6,7.4,
252,Shake Milton,28,LAL,SG,3,0,13.3,1.3,4,0.333,0.7,3,0.222,0.7,1,0.667,0.417,0.7,0.7,1,0,3,3,1.3,0,0.3,0.3,0.7,4,
253,Andre Drummond,31,PHI,C,25,14,19.3,2.8,5.6,0.507,0,0.4,0.111,2.8,5.2,0.534,0.511,1.3,2.3,0.569,2.8,5.3,8.1,0.6,1.2,0.4,1.7,2.5,7,
254,Kris Dunn,30,LAC,PG,34,23,23.9,2.9,6.4,0.445,1.1,3.3,0.342,1.7,3.1,0.551,0.532,0.2,0.4,0.5,0.7,2.8,3.5,2.9,1.7,0.3,1.2,2.5,7,
255,Isaiah Jackson,23,IND,C,5,1,16.8,2.8,4.6,0.609,0,0,,2.8,4.6,0.609,0.609,1.4,2.8,0.5,2.2,3.4,5.6,1,0.6,1.6,1,2.8,7,
256,Sam Merrill,28,CLE,SG,29,2,19.2,2.3,6,0.387,1.8,5.2,0.351,0.5,0.8,0.636,0.54,0.6,0.6,0.944,0.4,1.4,1.8,1.6,0.6,0.2,0.5,2,7,
257,Torrey Craig,34,CHI,SF,9,1,12.6,2.4,5,0.489,1.7,3.9,0.429,0.8,1.1,0.7,0.656,0.3,0.4,0.75,0.9,1.9,2.8,0.6,0.2,0.1,0,1.7,6.9,
258,Haywood Highsmith,28,MIA,SF,30,23,24.7,2.6,5.3,0.488,1.3,3.1,0.424,1.3,2.3,0.574,0.609,0.4,0.6,0.684,0.9,2.4,3.3,1.1,1,0.6,0.9,2.2,6.9,
259,Josh Okogie,26,PHO,SG,20,1,15.7,2.6,5.3,0.486,0.8,2,0.385,1.8,3.3,0.545,0.557,0.9,1.4,0.643,1.5,1.7,3.2,0.5,1,0.4,0.8,1.2,6.8,
260,Cameron Payne,30,NYK,PG,29,1,15.6,2.5,5.9,0.424,1.4,3.6,0.398,1.1,2.3,0.463,0.544,0.4,0.6,0.813,0.3,1.3,1.6,2.8,0.6,0.3,0.6,1.8,6.8,
261,Day'Ron Sharpe,23,BRK,C,13,0,15.7,2.5,5.8,0.44,0.2,1.2,0.133,2.4,4.6,0.517,0.453,1.5,1.7,0.909,2.3,3.3,5.6,1.2,0.9,0.5,1.2,1.8,6.8,
262,Robert Williams,27,POR,C,11,1,16.5,2.8,3.9,0.721,0.1,0.3,0.333,2.7,3.6,0.75,0.733,1.1,1.2,0.923,1.6,3.3,4.9,1.1,0.7,1.5,0.8,1.1,6.8,
263,Bruce Brown,28,TOR,PG,3,0,17.3,2.7,7,0.381,0.3,1.3,0.25,2.3,5.7,0.412,0.405,1,1.3,0.75,0.7,1.3,2,1,0.7,0,0.3,1.3,6.7,
264,Keon Ellis,25,SAC,SG,33,6,20.7,2.2,4.7,0.462,1.4,3.3,0.418,0.8,1.4,0.565,0.609,1,1.2,0.842,0.8,1.5,2.3,1.1,1.3,0.8,0.8,1.8,6.7,
265,Tyrese Martin,25,BRK,SG,18,2,16.7,2.4,5.4,0.439,1.4,3.7,0.379,1,1.8,0.563,0.566,0.5,0.6,0.818,0.8,2.3,3.1,1.5,0.5,0.2,0.7,1.2,6.7,
266,Elfrid Payton,30,NOP,PG,7,3,20.6,3.3,6.6,0.5,0,0.1,0,3.3,6.4,0.511,0.5,0.1,0.3,0.5,0.7,2.7,3.4,6.9,1.4,0.4,2.9,1.4,6.7,
267,Isaac Okoro,24,CLE,SG,23,16,21,2.3,4.7,0.495,1.3,2.7,0.492,1,2,0.5,0.636,0.7,0.9,0.714,0.9,1.3,2.3,1.7,0.7,0.4,0.4,2,6.6,
268,Jeremiah Robinson-Earl,24,NOP,PF,30,4,18.9,2.5,5.6,0.444,0.8,2.5,0.316,1.7,3.1,0.548,0.515,0.8,1,0.862,2,2.7,4.7,1.2,0.8,0.1,0.8,1.3,6.6,
269,Jarace Walker,21,IND,PF,35,1,17.7,2.3,5,0.451,1.1,2.7,0.4,1.2,2.3,0.513,0.56,0.9,1.3,0.66,0.4,2.9,3.3,1.5,1.1,0.3,1.2,1.7,6.5,
270,Cason Wallace,21,OKC,SG,33,20,26.7,2.6,6.3,0.418,0.9,3,0.303,1.7,3.3,0.523,0.49,0.3,0.4,0.846,1.1,2.2,3.4,2.4,1.8,0.7,0.7,2.1,6.5,
271,Alec Burks,33,MIA,SG,18,0,16.8,1.9,4.3,0.449,1.4,3.1,0.473,0.5,1.3,0.391,0.615,1.1,1.3,0.826,0.3,1.7,2,1.1,0.6,0.2,0.3,0.7,6.4,
272,Simone Fontecchio,29,DET,SF,30,0,17.9,2.1,5.1,0.405,1.2,3.4,0.347,0.9,1.7,0.519,0.52,1.1,1.4,0.829,0.6,2.2,2.8,0.9,0.3,0.2,0.8,1.3,6.4,
273,Talen Horton-Tucker,24,CHI,SG,28,0,12.6,2.3,4.9,0.471,0.8,2.2,0.371,1.5,2.7,0.553,0.554,0.9,1.3,0.676,0.5,1.6,2.1,1.5,0.4,0.3,0.6,1.1,6.4,
274,KJ Martin,24,PHI,PF,24,7,20,2.5,4.1,0.616,0.3,0.9,0.381,2.2,3.3,0.679,0.657,1,1.2,0.828,0.9,2.1,3,0.8,0.5,0.7,0.5,2.6,6.4,
275,Ajay Mitchell,22,OKC,SG,34,1,16.5,2.5,4.9,0.506,0.6,1.5,0.431,1.8,3.4,0.539,0.572,0.8,1,0.848,0.5,1.5,2,1.7,0.7,0.1,0.8,1.7,6.4,
276,Davion Mitchell,26,TOR,PG,32,14,25.3,2.4,5.8,0.406,0.9,2.9,0.326,1.4,3,0.484,0.487,0.7,1,0.667,0.4,1.7,2.1,4.7,0.8,0.2,1.8,2.7,6.4,
277,Cole Anthony,24,ORL,PG,33,0,12.5,2.3,6,0.379,0.7,2.4,0.288,1.6,3.6,0.441,0.437,1.1,1.4,0.783,0.4,1.8,2.3,2.5,0.4,0.2,1.5,1.6,6.3,
278,Ryan Dunn,22,PHO,SF,28,12,18.8,2.5,5.8,0.426,1.1,3.6,0.304,1.4,2.1,0.633,0.522,0.3,0.5,0.5,0.8,2.1,2.9,0.9,0.6,0.7,0.5,2.3,6.3,
279,Ron Holland,19,DET,SF,34,1,15.5,2.5,5.3,0.478,0.4,1.9,0.222,2.1,3.4,0.615,0.517,0.8,1.1,0.778,0.5,2.4,2.9,0.7,0.4,0.1,0.9,1.6,6.3,
280,Terance Mann,28,LAC,SG,23,11,21,2.4,5.6,0.438,0.7,2,0.34,1.7,3.5,0.494,0.5,0.7,1,0.667,1,2,3.1,1.7,1,0.2,0.6,2,6.3,
281,Dru Smith,27,MIA,SG,14,1,19.1,2.2,4.4,0.508,1.1,2.1,0.533,1.1,2.2,0.484,0.639,0.7,0.9,0.769,0.9,1.7,2.6,1.6,1.5,0.4,1.2,2.1,6.3,
282,Kenrich Williams,30,OKC,PF,24,0,13.3,2.4,4.3,0.558,1,2.2,0.442,1.5,2.2,0.673,0.668,0.5,0.6,0.929,0.9,2.2,3.1,1,0.7,0.2,0.4,1.7,6.3,
283,Dean Wade,28,CLE,PF,25,16,22.6,2.1,5,0.416,1.5,4.2,0.362,0.6,0.8,0.7,0.568,0.5,1,0.5,0.9,4.2,5.2,1.5,1,0.6,0.2,1.7,6.2,
284,Isaiah Wong,24,CHO,SG,10,0,14.3,2,5.6,0.357,0.4,1.7,0.235,1.6,3.9,0.41,0.393,1.7,2.6,0.654,1.2,1,2.2,1.8,0.6,0,1,1.1,6.1,
285,Jamison Battle,23,TOR,SF,31,0,13.5,2.1,4.5,0.471,1.4,3.3,0.431,0.7,1.2,0.583,0.63,0.4,0.5,0.857,0.6,1.3,1.9,1,0.1,0.1,0.4,1.2,6,
286,Quenton Jackson,26,IND,PG,17,7,14.8,2.3,4.5,0.513,0.5,1.4,0.375,1.8,3.1,0.577,0.572,0.9,1.2,0.714,0.6,1,1.6,1.8,0.5,0.3,0.6,1.9,6,
287,Max Strus,28,CLE,SF,6,0,22.3,2.2,6.2,0.351,1.5,5.2,0.29,0.7,1,0.667,0.473,0.2,0.2,1,1.2,2.8,4,2.8,0.3,0.3,0.7,2.5,6,
288,James Wiseman,23,IND,C,1,0,5,2,4,0.5,0,1,0,2,3,0.667,0.5,2,2,1,0,1,1,0,0,0,0,0,6,
289,Kyle Filipowski,21,UTA,C,22,8,16.5,2.2,4.4,0.495,0.5,1.6,0.333,1.6,2.8,0.59,0.557,1,1.7,0.568,1,3.3,4.3,1.8,0.5,0.1,1,1.9,5.9,
290,Javonte Green,31,NOP,SG,32,12,20.9,2.1,4.6,0.463,0.7,1.9,0.361,1.4,2.7,0.535,0.537,1,1.3,0.744,0.9,2.2,3.1,0.7,1,0.6,0.7,1.4,5.9,
291,Jaxson Hayes,24,LAL,C,13,2,16.9,2.2,3.2,0.69,0,0,,2.2,3.2,0.69,0.69,1.5,1.9,0.76,1.8,2.6,4.4,0.7,0.4,0.8,0.7,2.4,5.9,
292,Kevin Love,36,MIA,PF,16,5,11.4,2,5.7,0.352,1.1,3.1,0.36,0.9,2.6,0.341,0.451,0.8,1.2,0.684,1.1,3.4,4.5,1.2,0.8,0.1,0.8,0.9,5.9,
293,Jordan Miller,25,LAC,SF,21,0,14.7,2.3,5.3,0.432,0.4,1.7,0.229,1.9,3.6,0.526,0.468,1,1.2,0.769,1,1.2,2.1,1.3,0.5,0.1,0.9,1,5.9,
294,Ben Simmons,28,BRK,PG,26,20,25.1,2.7,4.9,0.543,0,0,,2.7,4.9,0.543,0.543,0.6,0.8,0.714,0.9,4.3,5.2,6.9,0.8,0.5,2.8,2.3,5.9,
295,Isaiah Stewart,23,DET,C,30,3,21.2,2.3,4.2,0.543,0.3,0.9,0.296,2,3.3,0.61,0.575,1,1.2,0.886,2.1,3.9,6,1.8,0.5,1.2,1,2.7,5.9,
296,Malaki Branham,21,SAS,SG,22,0,11.9,2.1,4.8,0.438,0.8,2.1,0.383,1.3,2.6,0.483,0.524,0.8,0.9,0.85,0.1,1.3,1.4,1.2,0.3,0.1,1.2,0.7,5.8,
297,Ricky Council IV,23,PHI,SF,25,0,13,1.8,4.2,0.419,0.4,1.6,0.268,1.3,2.6,0.516,0.471,1.7,2,0.843,0.6,1.5,2.1,0.7,0.3,0.2,0.4,0.8,5.7,
298,Jonathan Isaac,27,ORL,PF,30,0,16.5,2.1,5.1,0.403,0.7,2.6,0.253,1.4,2.5,0.56,0.468,0.9,1.4,0.683,1.7,2.9,4.6,0.4,0.8,1.3,0.6,1.5,5.7,
299,Marcus Sasser,24,DET,PG,23,0,13.5,2.3,4.5,0.51,0.9,2.3,0.385,1.4,2.3,0.635,0.606,0.3,0.3,1,0.3,0.7,1,1.9,0.8,0.1,0.9,1.2,5.7,
300,Zach Collins,27,SAS,C,27,4,14,2,4.3,0.466,0.4,1.5,0.3,1.6,2.8,0.553,0.517,1.1,1.3,0.886,1.3,2,3.3,1.7,0.5,0.5,0.8,2.3,5.6,
301,Alex Caruso,30,OKC,SG,20,0,19.9,2.2,5.7,0.377,0.9,3.3,0.262,1.3,2.5,0.531,0.452,0.4,0.5,0.778,0.6,2.3,2.9,2.5,1.9,0.6,0.8,2,5.5,
302,Donovan Clingan,20,POR,C,26,7,16,2.3,4.3,0.527,0.2,0.6,0.313,2.1,3.7,0.563,0.549,0.8,1.1,0.75,2.7,3.3,6,0.6,0.5,1.6,1.2,2.7,5.5,
303,Monte Morris,29,PHO,PG,27,0,13.6,1.9,4.6,0.419,0.6,2,0.291,1.3,2.6,0.522,0.484,1,1.3,0.824,0.3,1.3,1.6,1.8,0.5,0.1,0.5,0.6,5.5,
304,Neemias Queta,25,BOS,C,29,5,16.1,2.3,3.6,0.654,0,0.1,0,2.3,3.5,0.667,0.654,0.8,1.1,0.719,1.7,2.7,4.4,0.7,0.3,0.9,0.7,2,5.5,
305,Lindy Waters III,27,GSW,SG,26,8,17.5,2,5.6,0.359,1.3,4,0.327,0.7,1.6,0.439,0.476,0.2,0.3,0.857,0.5,2.1,2.6,1.3,0.7,0.2,0.3,1.7,5.5,
306,Precious Achiuwa,25,NYK,PF,14,1,18.2,2.1,4.5,0.476,0.4,0.9,0.385,1.8,3.6,0.5,0.516,0.7,1.4,0.526,2,4.4,6.4,1.1,0.6,0.8,1,1.3,5.4,
307,Trevelin Queen,27,ORL,SG,9,2,15.3,2,3.7,0.545,1,1.9,0.529,1,1.8,0.563,0.682,0.4,0.4,1,0.4,0.7,1.1,1.3,1,0.3,1.1,1.7,5.4,
308,Ben Sheppard,23,IND,SG,21,6,19.9,2,4.9,0.417,1.3,3.5,0.378,0.7,1.4,0.517,0.553,0,0,,0.6,1.9,2.5,1,0.5,0.3,0.3,2.5,5.4,
309,Lonzo Ball,27,CHI,PG,15,0,18.5,1.7,5.3,0.329,1.3,4.4,0.303,0.4,0.9,0.462,0.456,0.5,0.7,0.8,0.4,3,3.4,3.7,1.3,0.5,1.1,1.4,5.3,
310,Kobe Bufkin,21,ATL,SG,10,0,12.4,1.8,4.7,0.383,0.4,1.9,0.211,1.4,2.8,0.5,0.426,1.3,1.8,0.722,0.5,1.6,2.1,1.7,0.3,0.2,0.8,0.9,5.3,
311,Eric Gordon,36,PHI,SG,21,1,17,1.8,4.8,0.38,0.9,2.9,0.3,1,1.9,0.5,0.47,0.9,1.1,0.783,0.1,0.8,1,1.3,0.6,0.3,0.7,0.7,5.3,
312,Vince Williams Jr.,24,MEM,SG,3,0,15,2.3,6.3,0.368,0.3,2.7,0.125,2,3.7,0.545,0.395,0.3,1.3,0.25,1.3,2.3,3.7,3,0,0.7,2.3,3,5.3,
313,Seth Curry,34,CHO,SG,30,8,13.8,1.9,4.2,0.464,0.9,2.2,0.424,1,2,0.508,0.576,0.4,0.5,0.867,0.4,1,1.4,0.5,0.5,0.2,0.3,1,5.2,
314,Paul Reed,25,DET,C,19,0,11.5,1.9,3.4,0.569,0.3,0.8,0.333,1.7,2.6,0.64,0.608,1,1.2,0.826,0.8,1.6,2.4,1.1,1.3,0.7,0.6,1.8,5.2,
315,Kel'el Ware,20,MIA,C,17,0,10.3,2.2,3.5,0.617,0.4,0.9,0.438,1.8,2.6,0.682,0.675,0.5,0.7,0.667,0.5,2.1,2.5,0.4,0.4,0.8,0.5,1,5.2,
316,Kyle Anderson,31,GSW,PF,27,2,14.3,2,4.7,0.429,0.6,1.6,0.357,1.4,3.1,0.464,0.488,0.6,0.9,0.652,0.6,2.3,2.9,2.1,0.7,0.4,0.5,1,5.1,
317,Jared Butler,24,WAS,SG,23,0,9.9,2,4.5,0.452,0.3,1.1,0.269,1.7,3.4,0.513,0.486,0.7,1,0.739,0.3,0.6,0.9,2.3,0.3,0.1,0.8,1,5.1,
318,Matas Buzelis,20,CHI,SF,32,0,13.1,1.8,4.9,0.365,0.8,2.4,0.333,1,2.4,0.397,0.449,0.7,0.9,0.786,0.6,2.1,2.7,0.5,0.3,0.8,0.6,1.4,5.1,
319,Pelle Larsson,23,MIA,SG,19,0,15.4,1.8,3.7,0.493,0.6,1.7,0.344,1.3,2.1,0.615,0.57,0.8,1.3,0.64,0.5,1.2,1.7,1.3,0.5,0,0.5,2.2,5.1,
320,Jonathan Mogbo,23,TOR,PF,34,6,16.6,2,4.3,0.456,0.2,0.7,0.292,1.8,3.6,0.488,0.48,1,1.4,0.717,1.8,2.5,4.3,1.6,0.8,0.5,0.9,1.8,5.1,
321,Cam Christie,19,LAC,SG,1,0,18,2,7,0.286,1,4,0.25,1,3,0.333,0.357,0,0,,1,2,3,0,2,0,1,0,5,
322,Tidjane Salaün,19,CHO,PF,29,8,19.2,1.7,5.3,0.327,1,3.3,0.292,0.8,2,0.386,0.418,0.6,0.9,0.667,1,3.2,4.2,1.1,0.6,0.2,0.8,1.4,5,
323,Jamal Shead,22,TOR,PG,31,0,15.8,2,4.9,0.408,0.6,2.1,0.308,1.4,2.8,0.483,0.474,0.3,0.5,0.667,0.2,0.9,1.2,3.4,0.6,0.1,1.5,1.7,5,
324,Alondes Williams,25,DET,SG,1,0,4,2,2,1,1,1,1,1,1,1,1.25,0,0,,0,0,0,1,0,0,0,0,5,
325,Marvin Bagley III,25,WAS,C,19,1,8.7,2,3.7,0.535,0.1,0.5,0.2,1.9,3.2,0.59,0.549,0.8,1.2,0.652,1.4,1.5,2.9,0.4,0.4,0.3,0.6,0.6,4.9,
326,Kevon Looney,28,GSW,C,29,5,15.5,2.1,4,0.539,0,0,,2.1,4,0.539,0.539,0.6,1.4,0.429,3,3.8,6.8,1.7,0.7,0.2,0.6,2.2,4.9,
327,Charles Bassey,24,SAS,C,22,0,10.4,2,3.6,0.57,0,0,,2,3.6,0.57,0.57,0.7,1.1,0.6,1.5,2.7,4.2,0.5,0.3,1,0.7,1.4,4.8,
328,Drew Eubanks,27,UTA,C,24,0,13.3,2,3.2,0.618,0.1,0.2,0.5,1.9,3,0.625,0.632,0.8,1.3,0.613,1.1,2.8,3.8,1.1,0.2,0.6,0.8,1.3,4.8,
329,Taylor Hendricks,21,UTA,PF,3,3,25,1.3,6,0.222,1,4,0.25,0.3,2,0.167,0.306,1,1.3,0.75,1.7,3.3,5,0.7,1.7,1.3,0.7,2.7,4.7,
330,Luke Kornet,29,BOS,C,29,3,16.8,1.8,2.9,0.612,0,0,,1.8,2.9,0.612,0.612,1.1,1.5,0.705,2.2,3,5.1,1.6,0.5,1,0.4,1.2,4.7,
331,David Roddy,23,ATL,PF,19,1,12.8,1.7,3.2,0.541,0.7,1.6,0.419,1.1,1.6,0.667,0.648,0.6,0.7,0.846,0.3,2.1,2.4,1.1,0.4,0.2,0.9,0.6,4.7,
332,JT Thor,22,CLE,PF,6,0,5,1.5,2,0.75,0.5,0.7,0.75,1,1.3,0.75,0.875,1.2,1.3,0.875,0.5,0.5,1,0,0.3,0.5,0.5,0.7,4.7,
333,Keaton Wallace,25,ATL,PG,16,1,15.5,1.8,4.4,0.408,0.8,2.3,0.351,1,2.1,0.471,0.5,0.3,0.3,1,0.1,1.3,1.4,1.9,0.8,0.4,1.1,0.9,4.7,
334,Pat Connaughton,32,MIL,SG,17,0,16.4,1.6,4.4,0.378,0.8,2.8,0.298,0.8,1.6,0.519,0.473,0.5,0.7,0.75,0.6,2.4,2.9,1.6,0.2,0.4,0.6,1.2,4.6,
335,Gary Payton II,32,GSW,SG,28,4,13.1,2.1,3.8,0.547,0.2,1.1,0.156,1.9,2.6,0.716,0.571,0.3,0.5,0.6,1.2,1.6,2.8,1.2,0.7,0.4,0.5,1.4,4.6,
336,Julian Phillips,21,CHI,SF,33,3,13.7,1.6,3.8,0.425,0.7,2.3,0.316,0.9,1.5,0.588,0.52,0.6,0.9,0.667,0.8,1.2,2,0.5,0.5,0.2,0.4,1.5,4.6,
337,Dariq Whitehead,20,BRK,SF,4,0,7,1.5,2.8,0.545,1.5,2.5,0.6,0,0.3,0,0.818,0,0,,0,0.8,0.8,0.3,0.8,0.3,0.8,0.3,4.5,
338,KJ Simpson,22,CHO,PG,11,0,14.5,1.5,5.2,0.298,0.5,2.5,0.179,1.1,2.6,0.414,0.342,0.9,1.4,0.667,1,0.8,1.8,1.8,0.8,0.2,0.9,1.3,4.5,
339,Thomas Bryant,27,2TM,C,19,0,11.1,1.5,3.1,0.492,0.6,1.7,0.364,0.9,1.4,0.654,0.593,0.7,0.7,1,0.8,2.3,3.1,0.4,0.3,0.6,0.2,0.9,4.4,
339,Thomas Bryant,27,MIA,C,10,0,11.5,1.2,2.8,0.429,0.6,1.7,0.353,0.6,1.1,0.545,0.536,1.1,1.1,1,0.6,2.6,3.2,0.4,0.1,0.9,0.2,0.9,4.1,
339,Thomas Bryant,27,IND,C,9,0,10.7,1.9,3.4,0.548,0.7,1.8,0.375,1.2,1.7,0.733,0.645,0.3,0.3,1,1,1.9,2.9,0.4,0.4,0.3,0.2,0.9,4.8,
340,Sandro Mamukelashvili,25,SAS,PF,21,0,9.2,1.5,2.8,0.542,0.8,1.9,0.425,0.7,0.9,0.789,0.686,0.5,0.7,0.733,0.6,2.2,2.8,0.4,0.1,0.3,0.4,0.6,4.4,
341,Antonio Reeves,24,NOP,SG,16,0,9.3,1.8,4.4,0.4,0.6,2.1,0.265,1.2,2.3,0.528,0.464,0.4,0.4,0.857,0.4,0.8,1.1,0.6,0.3,0,0.3,0.4,4.4,
342,Ryan Rollins,22,MIL,PG,18,4,11.6,1.7,3.6,0.462,0.7,1.7,0.433,0.9,1.9,0.486,0.562,0.4,0.5,0.778,0.3,1.4,1.8,1.1,0.9,0.4,0.9,1.3,4.4,
343,Jaylin Williams,22,OKC,PF,7,0,12.4,1.6,4.1,0.379,1.3,3.7,0.346,0.3,0.4,0.667,0.534,0,0,,0.6,2.3,2.9,2,0.3,0.3,0.3,1.1,4.4,
344,Jamal Cain,25,NOP,SF,16,0,14.1,1.6,3.4,0.455,0.6,1.8,0.321,1,1.7,0.593,0.536,0.6,1,0.625,0.9,1.9,2.8,0.6,0.5,0.4,0.4,1.3,4.3,
345,Mason Plumlee,34,PHO,C,31,9,17.5,1.6,2.7,0.588,0,0,0,1.6,2.7,0.595,0.588,1.1,1.8,0.6,1.6,4.6,6.2,1.8,0.3,0.8,0.8,2,4.3,
346,Gabe Vincent,28,LAL,PG,31,5,18.9,1.6,4.3,0.373,0.9,2.8,0.33,0.7,1.5,0.457,0.481,0.1,0.3,0.5,0.3,1,1.3,0.9,0.8,0.2,0.6,1.9,4.3,
347,Dalen Terry,22,CHI,SG,31,1,13.8,1.5,3.1,0.479,0.4,1.2,0.351,1.1,1.9,0.559,0.547,0.8,1.2,0.694,0.6,0.9,1.5,1.1,0.5,0.3,0.9,1.5,4.2,
348,Mo Bamba,26,LAC,C,19,0,12.4,1.6,3.6,0.435,0.4,1.7,0.242,1.2,1.9,0.611,0.493,0.5,0.7,0.692,0.8,3.1,3.8,0.6,0.4,1,0.6,1.8,4.1,
349,Gary Harris,30,ORL,SG,20,2,16.3,1.5,3.6,0.403,1,2.7,0.352,0.5,0.9,0.556,0.535,0.2,0.4,0.5,0.5,0.8,1.3,0.5,0.7,0.3,0.5,0.7,4.1,
350,Kyle Lowry,38,PHI,PG,24,12,19.7,1.2,3.5,0.341,0.9,2.7,0.328,0.3,0.9,0.381,0.465,0.8,1,0.8,0.3,1.5,1.8,2.7,1,0.3,0.7,1.9,4.1,
351,Wendell Moore Jr.,23,DET,SG,14,1,14.1,1.5,3.1,0.477,0.2,0.9,0.231,1.3,2.2,0.581,0.511,0.9,1,0.929,0.8,2.2,3,1.5,0.7,0.2,0.6,1,4.1,
352,Jett Howard,21,ORL,SF,33,0,10.4,1.4,3.8,0.365,0.8,2.8,0.304,0.5,1,0.529,0.476,0.3,0.4,0.846,0.3,0.8,1.1,0.5,0.2,0.2,0.4,0.9,4,
353,Micah Potter,26,UTA,C,9,2,18.1,1.4,3.3,0.433,1.1,2.8,0.4,0.3,0.6,0.6,0.6,0,0,,1.6,3.6,5.1,1.3,0.2,0.4,0.7,1,4,
354,Josh Richardson,31,MIA,SG,8,0,18.8,1.4,4.8,0.289,0.8,2.8,0.273,0.6,2,0.313,0.368,0.5,0.5,1,0.8,0.8,1.5,1.5,1,0.1,1,2.1,4,
355,Luka Garza,26,MIN,C,9,0,5.1,1.6,2.8,0.56,0.2,0.9,0.25,1.3,1.9,0.706,0.6,0.6,0.9,0.625,0.4,0.8,1.2,0.1,0.1,0,0.3,0.4,3.9,
356,Kris Murray,24,POR,SF,27,0,12.4,1.6,3.4,0.457,0.4,1.4,0.289,1.1,2,0.574,0.516,0.3,0.8,0.409,1,1.2,2.1,0.7,0.4,0.1,0.6,1,3.9,
357,Blake Wesley,21,SAS,SG,23,0,11.3,1.5,3.3,0.461,0.2,0.9,0.2,1.3,2.4,0.554,0.487,0.7,0.9,0.714,0.3,0.6,0.8,2,0.4,0.1,1,0.6,3.9,
358,Oso Ighodaro,22,PHO,PF,26,2,15.9,1.7,2.8,0.595,0,0,,1.7,2.8,0.595,0.595,0.4,0.7,0.579,1,2.7,3.7,0.9,0.5,0.3,0.6,1.7,3.8,
359,Reggie Jackson,34,PHI,PG,17,0,11.7,1.4,3.6,0.393,0.9,2.2,0.395,0.5,1.4,0.391,0.516,0.1,0.1,0.5,0.2,1.1,1.3,1.8,0.5,0.2,0.5,0.8,3.8,
360,Cam Spencer,24,MEM,SG,8,0,12.3,1.1,2.9,0.391,0.5,1.5,0.333,0.6,1.4,0.455,0.478,1,1,1,0.6,1.4,2,1.8,0.4,0.1,0.6,1.3,3.8,
361,Daniel Theis,32,NOP,C,25,7,14.7,1.4,3.2,0.456,0.2,1,0.208,1.2,2.2,0.564,0.487,0.8,0.9,0.864,0.8,2.8,3.7,1.4,0.4,0.6,0.7,1.8,3.8,
362,Rob Dillingham,20,MIN,PG,15,0,8.5,1.5,3.4,0.451,0.6,1.4,0.429,0.9,2,0.467,0.539,0,0,,0.1,0.7,0.7,1.7,0.1,0,1.1,0.3,3.7,
363,Aaron Holiday,28,HOU,PG,23,0,9.9,1.3,2.9,0.433,0.7,1.9,0.395,0.5,1,0.5,0.56,0.5,0.6,0.846,0.1,0.9,1,1.1,0.3,0.1,0.3,0.8,3.7,
364,Doug McDermott,33,SAC,SF,23,3,9.1,1.3,3.1,0.408,1,2.7,0.393,0.2,0.4,0.5,0.577,0.1,0.2,0.6,0.1,0.6,0.7,0.1,0.2,0,0.1,0.9,3.7,
365,Andre Jackson Jr.,23,MIL,SG,31,23,18.1,1.4,3.5,0.402,0.6,1.6,0.353,0.8,1.8,0.446,0.486,0.2,0.4,0.538,0.9,2.2,3.1,1.4,0.6,0.2,1.2,2.4,3.6,
366,Isaac Jones,24,SAC,PF,21,0,8.2,1.5,2.3,0.667,0,0.2,0.25,1.5,2.1,0.705,0.677,0.5,1,0.55,0.5,1,1.5,0.2,0.1,0.4,0.5,1,3.6,
367,Vit Krejci,24,ATL,PG,20,3,14.7,1.3,3.6,0.347,0.6,2.2,0.25,0.7,1.4,0.5,0.424,0.5,0.7,0.714,0.5,1.6,2.1,2.1,0.6,0.4,0.8,1.8,3.6,
368,Patty Mills,36,UTA,PG,9,0,15.3,1.2,3.4,0.355,0.8,2.7,0.292,0.4,0.8,0.571,0.468,0.3,0.3,1,0.1,0.8,0.9,1.4,0.7,0.2,0.9,0.9,3.6,
369,Brandon Williams,25,DAL,PG,8,0,7.9,1.3,3,0.417,0.3,1,0.25,1,2,0.5,0.458,0.9,1.1,0.778,0.3,0.8,1,0.8,0.1,0,0.6,0.5,3.6,
370,Jevon Carter,29,CHI,PG,16,0,6.7,1.3,2.8,0.444,0.8,1.9,0.419,0.4,0.9,0.5,0.589,0.2,0.3,0.75,0.1,0.8,0.9,0.9,0.3,0,0.4,0.3,3.5,
371,Cam Reddish,25,LAL,SF,27,8,19.3,1.3,2.9,0.449,0.4,1.5,0.293,0.9,1.4,0.622,0.526,0.5,0.8,0.619,0.5,1.6,2.1,0.8,1.1,0.4,0.4,1.5,3.5,
372,Jabari Walker,22,POR,SF,24,1,10.3,1.4,3.2,0.447,0.2,0.9,0.182,1.3,2.3,0.556,0.474,0.5,0.8,0.722,0.9,2.1,3,0.5,0.3,0.1,0.5,1.1,3.5,
373,Cody Williams,20,UTA,SG,19,8,19.2,1.3,4.1,0.312,0.5,2.2,0.238,0.7,1.8,0.4,0.377,0.5,0.7,0.643,0.5,1.8,2.3,1.2,0.4,0.3,0.8,1.6,3.5,
374,Nicolas Batum,36,LAC,PF,34,1,18.3,1.1,2.9,0.384,0.9,2.4,0.383,0.2,0.5,0.389,0.54,0.3,0.4,0.769,0.7,2.1,2.8,1.6,0.6,0.4,0.6,1.4,3.4,
375,Moussa Diabaté,23,CHO,C,30,4,17.9,1.5,2.5,0.605,0,0,,1.5,2.5,0.605,0.605,0.4,0.8,0.44,3.1,3.8,6.8,0.6,0.6,0.7,0.9,1.7,3.4,
376,Bruno Fernando,26,TOR,C,17,2,8.6,1.5,2.9,0.531,0,0,,1.5,2.9,0.531,0.531,0.4,0.5,0.75,1.2,1.8,3,1.1,0.2,0.5,0.8,1.6,3.4,
377,Tre Jones,25,SAS,PG,16,0,16.7,1.2,2.9,0.413,0.2,0.9,0.2,1,1.9,0.516,0.446,0.8,1.1,0.765,0.6,1.7,2.3,3.8,0.6,0.3,0.8,1.3,3.4,
378,Josh Minott,22,MIN,SF,20,0,7.7,1.4,2.4,0.563,0.3,1.1,0.286,1.1,1.4,0.778,0.625,0.4,0.5,0.778,0.3,1.1,1.4,0.6,0.5,0.4,0.3,0.9,3.4,
379,Dario Šarić,30,DEN,C,10,3,13.6,1.2,4,0.3,0.5,1.9,0.263,0.7,2.1,0.333,0.363,0.5,0.6,0.833,0.9,2.6,3.5,1.1,0.6,0,1.1,1.4,3.4,
380,Bol Bol,25,PHO,PF,7,0,5.3,1.3,2.1,0.6,0.1,0.7,0.2,1.1,1.4,0.8,0.633,0.6,0.9,0.667,0.6,1,1.6,0.1,0,0,0.4,0.1,3.3,
381,Jae Crowder,34,SAC,SF,6,2,14.8,1,2.8,0.353,0.5,2,0.25,0.5,0.8,0.6,0.441,0.8,1,0.833,1,1.8,2.8,0.7,0.5,0,0.7,1.7,3.3,
382,Jalen Pickett,25,DEN,SG,8,0,9.9,1.3,2.6,0.476,0.8,1.8,0.429,0.5,0.9,0.571,0.619,0,0,,0.1,1,1.1,2.6,0.1,0.1,0.6,0.9,3.3,
383,Reed Sheppard,20,HOU,PG,30,0,11.6,1.3,3.9,0.322,0.6,2.3,0.279,0.6,1.7,0.38,0.403,0.2,0.2,0.833,0.3,0.9,1.3,1.2,0.5,0.3,0.6,0.9,3.3,
384,Jae'Sean Tate,29,HOU,SF,17,0,9.2,1.2,2.5,0.488,0.1,0.5,0.222,1.1,2,0.559,0.512,0.7,1,0.706,0.6,1.7,2.4,0.7,0.6,0.1,0.5,1.6,3.3,
385,Moses Brown,25,IND,C,9,0,5.1,1.4,2.2,0.65,0,0,,1.4,2.2,0.65,0.65,0.3,0.6,0.6,0.4,1,1.4,0,0.2,0.1,0.7,0.7,3.2,
386,Drew Peterson,25,BOS,PF,11,0,9.9,1,2,0.5,0.6,1.5,0.412,0.4,0.5,0.8,0.659,0.5,0.6,0.857,0.5,1.6,2.1,0.7,0.2,0.2,0.5,0.9,3.2,
387,Rayan Rupert,20,POR,SG,25,0,9.9,1.2,2.7,0.426,0.4,1.2,0.29,0.8,1.5,0.541,0.493,0.5,0.6,0.75,0.7,0.7,1.4,0.5,0.3,0.1,0.5,0.7,3.2,
388,Landry Shamet,27,NYK,SG,6,0,9,1.3,2.2,0.615,0.5,0.8,0.6,0.8,1.3,0.625,0.731,0,0,,0,0.5,0.5,0.7,0.8,0,0.2,0.3,3.2,
389,Isaiah Collier,20,UTA,PG,24,2,17.3,1.3,4,0.316,0.3,1.6,0.158,1,2.4,0.421,0.347,0.4,0.8,0.45,0.2,2,2.2,3.4,0.8,0.2,2.3,1.8,3.1,
390,Jeff Dowtin,27,PHI,PG,11,0,10.2,1.2,2.7,0.433,0.2,0.8,0.222,1,1.9,0.524,0.467,0.5,0.8,0.667,0.2,0.8,1,1.1,0.3,0.1,0.2,0.6,3.1,
391,Jock Landale,29,HOU,C,19,0,9.5,1.2,2.8,0.415,0.2,0.4,0.429,1,2.4,0.413,0.443,0.6,1.1,0.55,1.2,1.5,2.6,0.7,0.2,0.4,0.5,0.8,3.1,
392,Nick Smith Jr.,20,CHO,SG,15,0,8.8,1.2,3.4,0.353,0.7,1.9,0.357,0.5,1.5,0.348,0.451,0.1,0.1,0.5,0.1,0.8,0.9,0.7,0.3,0.1,0.2,0.5,3.1,
393,David Duke Jr.,25,SAS,SG,1,0,8,1,4,0.25,0,1,0,1,3,0.333,0.25,1,2,0.5,0,0,0,2,0,0,0,1,3,
394,Collin Gillespie,25,PHO,PG,1,0,3,1,2,0.5,1,1,1,0,1,0,0.75,0,0,,0,0,0,0,0,0,0,0,3,
395,Jeff Green,38,HOU,PF,10,1,8.4,1.1,2.1,0.524,0.5,1.3,0.385,0.6,0.8,0.75,0.643,0.3,0.4,0.75,0.1,1.1,1.2,0.1,0.3,0,0.3,0.7,3,
396,Richaun Holmes,31,WAS,PF,4,0,6,1.3,2.8,0.455,0,0.3,0,1.3,2.5,0.5,0.455,0.5,0.5,1,0.8,1,1.8,0,0,0.5,0.5,0.3,3,
397,DeAndre Jordan,36,DEN,C,21,0,10.4,1.4,2.2,0.652,0,0,,1.4,2.2,0.652,0.652,0.2,0.6,0.308,0.9,3,3.9,0.9,0.3,0.5,0.7,1.1,3,
398,A.J. Lawson,24,TOR,SG,3,0,4.7,1,2.3,0.429,0.7,1.7,0.4,0.3,0.7,0.5,0.571,0.3,0.7,0.5,0.3,0.7,1,0,0,0,0,0,3,
399,Taze Moore,26,POR,SG,2,0,10,1,5,0.2,0.5,2,0.25,0.5,3,0.167,0.25,0.5,1,0.5,2,2,4,0.5,1,0,1,0,3,
400,Pete Nance,24,PHI,PF,1,0,3,1,1,1,1,1,1,0,0,,1.5,0,0,,0,1,1,0,0,0,0,3,3,
401,Quincy Olivari,23,LAL,PG,1,0,8,1,3,0.333,1,3,0.333,0,0,,0.5,0,0,,0,0,0,0,0,0,1,0,3,
402,Oscar Tshiebwe,25,UTA,PF,1,0,16,0,0,,0,0,,0,0,,,3,4,0.75,3,6,9,0,2,0,1,3,3,
403,Johnny Davis,22,WAS,SG,23,0,8.3,1.2,2.7,0.443,0.3,0.9,0.286,0.9,1.7,0.525,0.492,0.3,0.5,0.636,0.3,1.1,1.4,0.4,0.5,0.3,0.2,0.7,2.9,
404,Ousmane Dieng,21,OKC,PF,20,0,10.2,1.1,3.3,0.323,0.5,1.9,0.237,0.6,1.4,0.444,0.392,0.4,0.6,0.636,0.5,1.9,2.4,0.7,0.7,0.2,0.3,1,2.9,
405,John Konchar,28,MEM,SG,20,2,14.4,1.1,2.6,0.404,0.6,1.9,0.316,0.5,0.7,0.643,0.519,0.2,0.3,0.8,1.1,2.9,4,1.2,0.7,0.5,0.5,1.1,2.9,
406,Steven Adams,31,HOU,C,21,0,10.1,1.1,1.8,0.605,0,0,,1.1,1.8,0.605,0.605,0.6,1.4,0.414,1.8,2.1,4,1.1,0.2,0.2,1,1,2.8,
407,Kobe Brown,25,LAC,PF,9,0,7.6,1.2,2.9,0.423,0.2,0.8,0.286,1,2.1,0.474,0.462,0.1,0.2,0.5,0.7,1.4,2.1,0.6,0.1,0,0,0.9,2.8,
408,Johnny Furphy,20,IND,SG,21,0,9.9,1,2.6,0.37,0.5,1.5,0.344,0.4,1,0.409,0.472,0.3,0.3,1,0.6,0.8,1.4,0.4,0.4,0.3,0.4,1,2.8,
409,Delon Wright,32,MIL,PG,22,2,16.6,1,3.2,0.3,0.5,1.9,0.262,0.5,1.3,0.357,0.379,0.4,0.6,0.571,0.7,1.2,1.9,1.9,0.9,0.3,0.6,0.7,2.8,
410,TyTy Washington Jr.,23,PHO,PG,3,0,9,1,2,0.5,0.7,1,0.667,0.3,1,0.333,0.667,0,0,,0,0.3,0.3,1.3,0.7,0,0.3,0,2.7,
411,Taj Gibson,39,CHO,C,14,8,10.8,1.1,2.4,0.471,0.1,0.1,0.5,1.1,2.3,0.469,0.485,0.3,0.4,0.667,1.5,1.7,3.2,0.5,0.4,0.2,0.6,1.3,2.6,
412,Duop Reath,28,POR,C,15,0,6.1,0.9,2.1,0.406,0.6,1.6,0.375,0.3,0.5,0.5,0.547,0.3,0.4,0.667,0.4,0.5,0.9,0.3,0,0.1,0.1,0.7,2.6,
413,Hunter Tyson,24,DEN,PF,23,0,9,0.8,2,0.422,0.3,1.1,0.308,0.5,0.8,0.579,0.511,0.6,0.7,0.867,0.4,1.3,1.7,0.5,0.2,0.2,0.4,1,2.6,
414,E.J. Liddell,24,CHI,PF,6,0,5.2,0.8,1.3,0.625,0.5,1,0.5,0.3,0.3,1,0.813,0.3,0.3,1,0.2,0.7,0.8,0.5,0.2,0.2,0.3,1.3,2.5,
415,Craig Porter Jr.,24,CLE,PG,20,0,8.6,1,1.9,0.541,0.3,0.6,0.455,0.8,1.3,0.577,0.608,0.3,0.4,0.714,0.1,0.8,0.9,1.2,0.3,0.4,0.5,0.5,2.5,
416,Chris Duarte,27,CHI,SG,13,0,4.2,0.8,1.5,0.5,0.4,0.9,0.417,0.4,0.6,0.625,0.625,0.5,0.6,0.75,0.3,0.9,1.2,0.4,0,0,0.1,0.4,2.4,
417,Trey Jemison,25,NOP,C,16,0,10.4,0.9,2,0.469,0,0,,0.9,2,0.469,0.469,0.5,1.3,0.381,1.4,1.4,2.8,0.6,0.4,0.4,0.6,1.7,2.4,
418,Maxi Kleber,33,DAL,PF,23,3,19.1,0.9,2.4,0.364,0.3,1.1,0.24,0.6,1.3,0.467,0.418,0.4,0.5,0.75,0.7,2.5,3.2,0.9,0.3,0.5,0.7,1.9,2.4,
419,Tyler Kolek,23,NYK,PG,20,0,6.4,0.9,2.1,0.405,0.5,1.3,0.4,0.4,0.9,0.412,0.524,0.2,0.2,1,0.1,0.6,0.7,0.8,0.3,0.1,0.4,0.6,2.4,
420,Damion Lee,32,PHO,SG,7,0,6.7,0.7,3,0.238,0.1,1.7,0.083,0.6,1.3,0.444,0.262,0.9,0.9,1,0,0.7,0.7,0.7,0.3,0,0.4,0.3,2.4,
421,Olivier-Maxence Prosper,22,DAL,PF,24,0,7.3,0.8,2.2,0.377,0.2,0.7,0.25,0.7,1.5,0.432,0.415,0.5,0.9,0.619,0.8,1.1,1.9,0.5,0.3,0.1,0.2,0.4,2.4,
422,Vlatko Čančar,27,DEN,PF,4,0,8.5,1,1.8,0.571,0.3,0.5,0.5,0.8,1.3,0.6,0.643,0,0,,0.8,1.3,2,0,0,0.3,0.5,1,2.3,
423,Anthony Gill,32,WAS,PF,23,0,6.7,0.8,1.6,0.514,0.2,0.6,0.385,0.6,1,0.583,0.581,0.4,0.8,0.556,0.3,0.9,1.2,0.3,0.2,0,0.2,0.5,2.3,
424,Lester Quiñones,24,PHI,SG,4,0,4.3,1,2,0.5,0,0.8,0,1,1.3,0.8,0.5,0.3,0.3,1,0.8,0.3,1,0.3,0,0,1,0,2.3,
425,Tristan Thompson,33,CLE,PF,14,0,7.1,1,2.1,0.483,0,0.1,0,1,2,0.5,0.483,0.3,1,0.286,0.6,1.9,2.6,0.3,0,0.3,0.4,0.7,2.3,
426,Jeenathan Williams,25,HOU,SG,3,0,3.3,1,1.3,0.75,0.3,0.7,0.5,0.7,0.7,1,0.875,0,0,,0,1,1,0,0.3,0,0,0,2.3,
427,Kai Jones,24,LAC,C,22,0,8.1,0.9,1.3,0.69,0,0.1,0,0.9,1.2,0.741,0.69,0.4,0.5,0.75,0.6,1.2,1.9,0.5,0.3,0.5,0.4,1,2.2,
428,Christian Koloko,24,LAL,C,21,0,9.6,1,1.7,0.6,0,0.1,0,1,1.6,0.636,0.6,0.1,0.2,0.75,1.1,1.4,2.5,0.3,0.3,0.4,0.3,1.2,2.1,
429,Jordan McLaughlin,28,SAC,PG,23,0,7.2,0.7,1.7,0.385,0.4,1,0.391,0.3,0.7,0.375,0.5,0.4,0.6,0.714,0.1,0.7,0.8,0.9,0.4,0,0.4,0.5,2.1,
430,Jaylon Tyson,22,CLE,SG,20,1,7.5,0.9,1.9,0.447,0.2,0.7,0.286,0.7,1.2,0.542,0.5,0.2,0.4,0.5,0.7,1.1,1.7,0.7,0.3,0,0.5,1.2,2.1,
431,Patrick Baldwin Jr.,22,WAS,SF,15,0,4.1,0.7,1.4,0.524,0.4,0.8,0.5,0.3,0.6,0.556,0.667,0.1,0.3,0.5,0.2,0.6,0.8,0.1,0.1,0.1,0.1,0.3,2,
432,Justin Edwards,21,PHI,SF,4,0,5.8,1,2.3,0.444,0,1.3,0,1,1,1,0.444,0,0.3,0,0,0.5,0.5,0.5,0.5,0,0.3,0.5,2,
433,Jalen Hood-Schifino,21,LAL,SG,2,0,7,0.5,0.5,1,0,0,,0.5,0.5,1,1,1,1,1,0.5,0,0.5,0.5,0,0.5,0.5,1.5,2,
434,Caleb Houstan,22,ORL,SF,23,1,7.9,0.6,1.9,0.326,0.5,1.6,0.333,0.1,0.3,0.286,0.465,0.2,0.2,1,0.2,0.4,0.6,0.3,0.2,0.1,0,0.6,2,
435,Dillon Jones,23,OKC,SF,26,0,8.1,0.8,2.3,0.328,0.3,1.4,0.194,0.5,1,0.52,0.385,0.2,0.5,0.5,0.6,1.2,1.8,0.7,0.2,0.1,0.3,0.9,2,
436,Cory Joseph,33,ORL,PG,21,0,6.6,0.7,2,0.366,0.5,1.3,0.393,0.2,0.6,0.308,0.5,0,0,,0.2,0.7,1,0.8,0.3,0.1,0.3,0.4,2,
437,Leonard Miller,21,MIN,SF,1,0,2,0,0,,0,0,,0,0,,,2,2,1,0,0,0,0,1,0,0,0,2,
438,Markieff Morris,35,DAL,PF,5,0,5,0.8,2.8,0.286,0.4,1.4,0.286,0.4,1.4,0.286,0.357,0,0,,0,1.2,1.2,0.6,0,0.2,0.4,0.2,2,
439,Alex Reese,25,OKC,PF,1,0,2,1,1,1,0,0,,1,1,1,1,0,0,,1,0,1,0,0,0,0,0,2,
440,Orlando Robinson,24,SAC,C,8,0,6.3,0.8,1.9,0.4,0.1,0.6,0.2,0.6,1.3,0.5,0.433,0.4,0.8,0.5,0.4,1.1,1.5,1.1,0.3,0.1,0.4,0.8,2,
441,Adama Sanogo,22,CHI,C,4,0,5.3,1,1.8,0.571,0,0,,1,1.8,0.571,0.571,0,0,,1.3,0.3,1.5,0.3,0,0,0.3,0.3,2,
442,Tyler Smith,20,MIL,PF,11,0,3.5,0.8,1.3,0.643,0.3,0.7,0.375,0.5,0.5,1,0.75,0.1,0.2,0.5,0.1,0.8,0.9,0.1,0,0.3,0.3,0.4,2,
443,Ariel Hukporti,22,NYK,C,12,0,8.3,0.8,1.2,0.643,0,0,,0.8,1.2,0.643,0.643,0.3,0.7,0.5,0.3,1.5,1.8,0.5,0,0.7,0.8,1.2,1.8,
444,Keshad Johnson,23,MIA,SF,4,0,6.5,0.8,1,0.75,0.3,0.5,0.5,0.5,0.5,1,0.875,0,0,,0,2.3,2.3,0.3,0,0.8,0.3,0.5,1.8,
445,MarJon Beauchamp,24,MIL,SF,15,0,3.9,0.6,1.5,0.409,0.2,0.7,0.273,0.4,0.7,0.545,0.477,0.3,0.4,0.833,0.1,0.9,1.1,0.1,0.1,0,0.7,0.3,1.7,
446,Jericho Sims,26,NYK,C,29,2,11.6,0.8,1.2,0.647,0,0,,0.8,1.2,0.647,0.647,0.2,0.3,0.667,1.3,2.2,3.6,0.6,0.2,0.3,0.5,1.3,1.7,
447,Jordan Walsh,20,BOS,PF,26,1,8.8,0.6,1.8,0.34,0.3,1.2,0.25,0.3,0.6,0.533,0.426,0.2,0.4,0.5,0.4,0.8,1.3,0.3,0.3,0.3,0.3,0.6,1.7,
448,Pacome Dadiet,19,NYK,SG,12,0,6.8,0.5,1.7,0.3,0.4,1.2,0.357,0.1,0.5,0.167,0.425,0.2,0.2,1,0,1.1,1.1,0.4,0.1,0.2,0.1,0.4,1.6,
449,Jazian Gortman,21,DAL,PG,15,0,3.7,0.6,1.5,0.391,0.3,0.7,0.364,0.3,0.8,0.417,0.478,0.1,0.3,0.5,0.1,0.3,0.3,0.4,0.1,0.1,0.3,0.6,1.6,
450,James Johnson,37,IND,PF,5,0,4.4,0.8,1.4,0.571,0,0.2,0,0.8,1.2,0.667,0.571,0,0.2,0,0,0.8,0.8,0.6,0,0.4,0.8,0.6,1.6,
451,Yuki Kawamura,23,MEM,PG,15,0,3.5,0.5,1.3,0.4,0.3,0.9,0.286,0.3,0.4,0.667,0.5,0.3,0.4,0.667,0,0.3,0.3,0.7,0.1,0,0.3,0.3,1.6,
452,Alex Len,31,SAC,C,27,3,7.4,0.7,1.3,0.528,0,0.1,0,0.7,1.2,0.594,0.528,0.2,0.4,0.545,0.7,1.2,1.9,0.9,0.2,0.6,0.3,0.9,1.6,
453,Dwight Powell,33,DAL,C,28,0,7.9,0.4,0.5,0.8,0,0,1,0.4,0.5,0.786,0.833,0.7,1,0.679,0.6,1.2,1.8,0.7,0.4,0.5,0.2,1.2,1.6,
454,Adem Bona,21,PHI,C,17,0,6.8,0.5,0.9,0.6,0,0,,0.5,0.9,0.6,0.6,0.5,0.5,0.889,0.5,1.2,1.8,0.1,0.1,0.5,0.4,1.2,1.5,
455,Enrique Freeman,24,IND,PF,17,1,7,0.6,1.3,0.455,0.1,0.4,0.167,0.5,0.9,0.563,0.477,0.3,0.5,0.556,0.2,0.6,0.8,0.4,0.1,0.1,0.2,0.9,1.5,
456,Matt Ryan,27,NYK,SF,10,0,4.6,0.6,2.1,0.286,0.3,1.4,0.214,0.3,0.7,0.429,0.357,0,0,,0,0.2,0.2,0,0.1,0,0.3,0,1.5,
457,Terrence Shannon Jr.,24,MIN,SG,10,0,4.5,0.7,1.3,0.538,0.1,0.3,0.333,0.6,1,0.6,0.577,0,0,,0,0.2,0.2,0.5,0.2,0.1,0.3,0.1,1.5,
458,Armel Traoré,22,LAL,SF,8,0,7.6,0.6,2.3,0.278,0,0.9,0,0.6,1.4,0.455,0.278,0.3,0.9,0.286,0.1,1.6,1.8,0.1,0.5,0.3,0.3,0.8,1.5,
459,Colin Castleton,24,MEM,C,10,0,4.6,0.2,1,0.2,0,0.4,0,0.2,0.6,0.333,0.2,1,1.1,0.909,0.3,0.6,0.9,0,0.1,0.1,0.1,0.6,1.4,
460,Adam Flagler,25,OKC,SG,11,0,3.6,0.5,1.8,0.25,0.5,1.7,0.263,0,0.1,0,0.375,0,0,,0.2,0.4,0.5,0,0.2,0,0,0.4,1.4,
461,AJ Johnson,20,MIL,SG,5,0,2.2,0.6,1.2,0.5,0.2,0.2,1,0.4,1,0.4,0.583,0,0,,0,0.4,0.4,0.2,0,0,0.4,0,1.4,
462,Jaden Springer,22,BOS,SG,14,0,4.5,0.3,1,0.286,0,0.3,0,0.3,0.7,0.4,0.286,0.9,1.1,0.8,0.3,0.7,1,0.4,0.3,0,0.1,0.6,1.4,
463,Jack McVeigh,28,HOU,PF,6,0,3.5,0.5,1.8,0.273,0.3,1.3,0.25,0.2,0.5,0.333,0.364,0,0,,0.2,0.5,0.7,0.2,0,0.2,0.2,0.2,1.3,
464,Pat Spencer,28,GSW,PG,11,0,5.2,0.5,1.6,0.333,0,0.3,0,0.5,1.4,0.4,0.333,0.2,0.2,1,0.4,0.7,1.1,1.5,0.5,0,0.4,0.4,1.3,
465,Luke Travers,23,CLE,SG,6,0,7,0.5,1.2,0.429,0,0.5,0,0.5,0.7,0.75,0.429,0.3,0.3,1,0.2,0.8,1,0.8,0.2,0.2,0.3,0.5,1.3,
466,Sidy Cissoko,20,SAS,SF,13,0,3.2,0.5,1,0.462,0.2,0.5,0.5,0.2,0.5,0.429,0.577,0,0.3,0,0.2,0.5,0.6,0.5,0,0,0.1,0.4,1.2,
467,JD Davison,22,BOS,PG,5,0,4.8,0.4,1,0.4,0.2,0.6,0.333,0.2,0.4,0.5,0.5,0.2,0.4,0.5,0,0.4,0.4,0.2,0.2,0,1.2,0.2,1.2,
468,Zeke Nnaji,24,DEN,PF,19,0,4.6,0.6,1.4,0.423,0,0.5,0,0.6,0.9,0.647,0.423,0.1,0.3,0.2,0.1,0.3,0.4,0.2,0.1,0.1,0.1,0.4,1.2,
469,Colby Jones,22,SAC,SG,22,0,5.4,0.5,1.1,0.417,0.2,0.4,0.444,0.3,0.7,0.4,0.5,0,0,,0.3,0.6,0.9,0.2,0.2,0.2,0.3,0.6,1.1,
470,Xavier Tillman Sr.,26,BOS,C,22,1,7.8,0.5,1.6,0.278,0.2,0.9,0.211,0.3,0.8,0.353,0.333,0,0.1,0.5,0.4,1.2,1.5,0.3,0.4,0.2,0.3,0.6,1.1,
471,Dominick Barlow,21,ATL,SF,6,0,4.2,0.3,1,0.333,0.2,0.2,1,0.2,0.8,0.2,0.417,0.2,0.3,0.5,0,0.7,0.7,0.2,0.2,0,0,0.3,1,
472,Mouhamed Gueye,22,ATL,PF,2,0,5.5,0.5,2,0.25,0,1,0,0.5,1,0.5,0.25,0,0,,0,1,1,0,0,0,0.5,0,1,
473,Jaylen Martin,21,BRK,SF,3,0,1.7,0.3,0.7,0.5,0.3,0.3,1,0,0.3,0,0.75,0,0,,0,0,0,0,0,0,0,0.3,1,
474,Bryce McGowens,22,POR,SG,2,0,3.5,0.5,1,0.5,0,0.5,0,0.5,0.5,1,0.5,0,0,,0.5,0,0.5,0.5,0,0,0,0,1,
475,Quinten Post,24,GSW,PF,2,0,2.5,0.5,1.5,0.333,0,1,0,0.5,0.5,1,0.333,0,0,,0.5,0,0.5,0.5,0,0,0,0,1,
476,Jared Rhoden,25,CHO,SG,4,0,3,0.5,2,0.25,0,0.5,0,0.5,1.5,0.333,0.25,0,0,,0.5,0.5,1,0.5,0.3,0,0.3,0.3,1,
477,Maxwell Lewis,22,2TM,SF,8,0,3.8,0.4,0.9,0.429,0.1,0.1,1,0.3,0.8,0.333,0.5,0,0,,0.3,0,0.3,0.3,0.1,0,0.3,0.1,0.9,
477,Maxwell Lewis,22,LAL,SF,7,0,4.1,0.3,0.9,0.333,0,0,,0.3,0.9,0.333,0.333,0,0,,0.3,0,0.3,0.3,0.1,0,0.3,0.1,0.6,
477,Maxwell Lewis,22,BRK,SF,1,0,1,1,1,1,1,1,1,0,0,,1.5,0,0,,0,0,0,0,0,0,0,0,3,
478,Trey Alexander,21,DEN,SG,10,0,4.8,0.3,1.2,0.25,0.1,0.6,0.167,0.2,0.6,0.333,0.292,0.2,0.2,1,0,0.1,0.1,0.3,0,0.1,0.1,0.3,0.9,
479,D.J. Carton,24,TOR,SG,4,0,8.3,0.3,1.8,0.143,0,0.8,0,0.3,1,0.25,0.143,0.3,0.3,1,0,1,1,0.8,0.5,0,1,0.3,0.8,
480,Ulrich Chomche,19,TOR,PF,5,0,3.8,0.4,0.6,0.667,0,0,,0.4,0.6,0.667,0.667,0,0,,0.4,0.4,0.8,0.2,0,0,0.4,0.8,0.8,
481,PJ Dozier,28,MIN,SG,9,0,3.9,0.2,0.3,0.667,0.2,0.3,0.667,0,0,,1,0.1,0.7,0.167,0.1,0.4,0.6,0.6,0.1,0,0.1,0.3,0.8,
482,Karlo Matković,23,NOP,PF,5,0,7.8,0.4,1,0.4,0,0,,0.4,1,0.4,0.4,0,0,,1.2,0.8,2,0,0.6,0.6,0.8,0.8,0.8,
483,Gui Santos,22,GSW,PF,10,0,4.7,0.3,0.9,0.333,0.1,0.6,0.167,0.2,0.3,0.667,0.389,0.1,0.2,0.5,0.2,0.7,0.9,0.4,0,0.2,0.3,0.6,0.8,
484,Baylor Scheierman,24,BOS,SG,5,0,6.8,0.2,2,0.1,0,1.2,0,0.2,0.8,0.25,0.1,0.4,0.4,1,0.4,1,1.4,0.4,0.2,0,0,0.6,0.8,
485,PJ Hall,22,DEN,C,6,0,2.3,0.3,0.8,0.4,0,0.3,0,0.3,0.5,0.667,0.4,0,0,,0,0.5,0.5,0,0,0.2,0,0.2,0.7,
486,Chris Livingston,21,MIL,SF,3,0,2,0.3,0.7,0.5,0,0,,0.3,0.7,0.5,0.5,0,0,,0.3,0.3,0.7,0.3,0.3,0,0.3,0,0.7,
487,Liam Robbins,25,MIL,C,7,0,4.7,0.3,0.6,0.5,0,0.1,0,0.3,0.4,0.667,0.5,0.1,0.6,0.25,0.6,0.4,1,0.1,0.1,0.1,0.1,0.6,0.7,
488,Tristan Vukcevic,21,WAS,C,3,0,2.3,0.3,1.3,0.25,0,1,0,0.3,0.3,1,0.25,0,0,,0.3,0,0.3,0,0,0.3,0,0.3,0.7,
489,Branden Carlson,25,OKC,C,7,0,3.6,0.1,1.1,0.125,0,0.9,0,0.1,0.3,0.5,0.125,0.3,0.3,1,0.4,0.9,1.3,0.4,0.1,0.1,0.1,0.1,0.6,
490,Cui Yongxi,21,BRK,SG,5,0,2,0.2,1.4,0.143,0,0.6,0,0.2,0.8,0.25,0.143,0.2,0.4,0.5,0,0.4,0.4,0,0,0,0,0,0.6,
491,Tristen Newton,23,IND,SG,5,0,1.6,0.2,1.2,0.167,0,0.6,0,0.2,0.6,0.333,0.167,0.2,0.2,1,0,0,0,0.2,0,0,0.2,0.4,0.6,
492,Bronny James,20,LAL,SG,8,0,2.5,0.1,1.1,0.111,0,0.5,0,0.1,0.6,0.2,0.111,0.3,0.3,1,0.1,0,0.1,0.4,0.1,0.1,0,0.3,0.5,
493,Garrett Temple,38,TOR,SG,11,0,4.3,0.2,0.9,0.2,0.1,0.5,0.2,0.1,0.5,0.2,0.25,0,0,,0.1,0.7,0.8,0.6,0.4,0.1,0.4,0.5,0.5,
494,Reece Beekman,23,2TM,PG,7,0,3.9,0.1,0.6,0.25,0,0.3,0,0.1,0.3,0.5,0.25,0.1,0.3,0.5,0.1,0,0.1,0.4,0.1,0,0.3,0.4,0.4,
494,Reece Beekman,23,GSW,PG,2,0,2,0.5,0.5,1,0,0,,0.5,0.5,1,1,0,0,,0.5,0,0.5,0.5,0.5,0,0,0.5,1,
494,Reece Beekman,23,BRK,PG,5,0,4.6,0,0.6,0,0,0.4,0,0,0.2,0,0,0.2,0.4,0.5,0,0,0,0.4,0,0,0.4,0.4,0.2,
495,Spencer Jones,23,DEN,SF,5,0,2.6,0.2,0.8,0.25,0,0.6,0,0.2,0.2,1,0.25,0,0,,0,0.6,0.6,0,0.4,0,0.2,0.2,0.4,
496,Stanley Umude,25,MIL,SG,8,0,3.3,0.1,0.6,0.2,0.1,0.5,0.25,0,0.1,0,0.3,0,0.3,0,0,0.8,0.8,0.3,0.1,0.1,0,0.1,0.4,
497,Jalen Bridges,23,PHO,SF,4,0,4.3,0,0.8,0,0,0.8,0,0,0,,0,0.3,0.5,0.5,0,0.8,0.8,0,0,0,0.5,0,0.3,
498,Malevy Leons,25,OKC,SF,6,0,3.5,0,0.3,0,0,0.2,0,0,0.2,0,0,0.3,0.7,0.5,0.2,0.3,0.5,0.2,0,0,0.2,0.7,0.3,
499,Daishen Nix,22,MIN,PG,3,0,4.3,0,0.3,0,0,0.3,0,0,0,,0,0.3,0.7,0.5,0,1.3,1.3,1,0,0,1.3,0.3,0.3,
500,Jacob Toppin,24,NYK,SF,9,0,2.7,0.1,0.3,0.333,0,0.2,0,0.1,0.1,1,0.333,0,0,,0,0.4,0.4,0.4,0,0,0.1,0.1,0.2,
501,Devin Carter,22,SAC,PG,1,0,11,0,3,0,0,2,0,0,1,0,0,0,0,,0,5,5,2,0,0,0,2,0,
502,Josh Christopher,23,MIA,SG,2,0,2,0,0.5,0,0,0.5,0,0,0,,0,0,0,,0,1,1,0,0,0,1,0,0,
503,Isaiah Crawford,23,SAC,SF,2,0,3.5,0,0,,0,0,,0,0,,,0,0,,0,0.5,0.5,0,0,0,0,0.5,0,
504,Alex Ducas,24,OKC,SG,4,0,1.8,0,0.8,0,0,0.5,0,0,0.3,0,0,0,0,,0,0,0,0,0,0,0,0,0,
505,Kessler Edwards,24,DAL,SF,12,0,2.2,0,0.5,0,0,0.3,0,0,0.2,0,0,0,0,,0,0.2,0.2,0.1,0,0.1,0.1,0.3,0,
506,Joe Ingles,37,MIN,SF,7,0,3.7,0,0.3,0,0,0.3,0,0,0,,0,0,0,,0.3,0,0.3,1.3,0,0,0.1,0.7,0,
507,Harrison Ingram,22,SAS,SF,1,0,7,0,1,0,0,0,,0,1,0,0,0,0,,0,1,1,0,0,0,0,1,0,
508,Daniss Jenkins,23,DET,PG,2,0,2.5,0,1,0,0,1,0,0,0,,0,0,0,,0,0,0,0,0,0,0,0.5,0,
509,Mason Jones,26,SAC,SG,3,0,4.3,0,0.7,0,0,0.7,0,0,0,,0,0,0,,0.3,1,1.3,2.3,0,0,0,0.3,0,
510,Mac McClung,26,ORL,SG,1,0,5,0,0,,0,0,,0,0,,,0,0,,0,1,1,2,0,0,0,0,0,
511,Justin Minaya,25,POR,SF,1,0,6,0,0,,0,0,,0,0,,,0,0,,0,1,1,0,0,0,0,1,0,
512,Riley Minix,24,SAS,SF,1,0,7,0,1,0,0,1,0,0,0,,0,0,0,,0,2,2,0,0,0,0,0,0,
513,Cole Swider,25,DET,SF,2,0,6.5,0,2.5,0,0,2.5,0,0,0,,0,0,0,,0,1,1,0.5,0,0,0,0.5,0,
